quantile,vx_px_per_frame
0,-20.750122
3.33333333333e-06,-9.31357612195
6.66666666667e-06,-8.91931412818
1e-05,-8.21208907229
1.33333333333e-05,-8.03937030285
1.66666666667e-05,-7.96881217595
2e-05,-6.99792891803
2.33333333333e-05,-6.47437721604
2.66666666667e-05,-6.01173105152
3e-05,-5.83927667342
3.33333333333e-05,-5.11287821392
3.66666666667e-05,-4.89928383119
4e-05,-4.83390204363
4.33333333333e-05,-4.76098915958
4.66666666667e-05,-4.48922418281
5e-05,-4.35432899446
5.33333333333e-05,-4.22363897015
5.66666666667e-05,-4.06476700286
6e-05,-4.00122331231
6.33333333333e-05,-3.65400649155
6.66666666667e-05,-3.65363472332
7e-05,-3.59800169458
7.33333333333e-05,-3.53479463524
7.66666666667e-05,-3.46419391278
8e-05,-3.43594625956
8.33333333333e-05,-3.38562419367
8.66666666667e-05,-3.37533092751
9e-05,-3.30954488548
9.33333333333e-05,-3.26276036641
9.66666666667e-05,-3.2197045549
0.0001,-3.20810066009
0.000103333333333,-3.11239349064
0.000106666666667,-3.00509244561
0.00011,-2.90166848377
0.000113333333333,-2.87899696844
0.000116666666667,-2.82011083484
0.00012,-2.81678147018
0.000123333333333,-2.68244949818
0.000126666666667,-2.68139884529
0.00013,-2.67380998666
0.000133333333333,-2.66666795227
0.000136666666667,-2.62222828841
0.00014,-2.56888025463
0.000143333333333,-2.53960241031
0.000146666666667,-2.53217569594
0.00015,-2.48570375739
0.000153333333333,-2.47849967515
0.000156666666667,-2.41753555237
0.00016,-2.39668697763
0.000163333333333,-2.38503711686
0.000166666666667,-2.32499990041
0.00017,-2.31727756132
0.000173333333333,-2.25069057923
0.000176666666667,-2.24953541636
0.00018,-2.24523888062
0.000183333333333,-2.23242327839
0.000186666666667,-2.18345014292
0.00019,-2.1797217068
0.000193333333333,-2.16413965583
0.000196666666667,-2.14689671262
0.0002,-2.11682701446
0.000203333333333,-2.11548102252
0.000206666666667,-2.07508185083
0.00021,-2.0708343904
0.000213333333333,-2.03006034299
0.000216666666667,-2.02978952109
0.00022,-2.00906291799
0.000223333333333,-1.97801682701
0.000226666666667,-1.96349289841
0.00023,-1.92303052202
0.000233333333333,-1.91510164833
0.000236666666667,-1.9135498669
0.00024,-1.90637472236
0.000243333333333,-1.89887975237
0.000246666666667,-1.85189998361
0.00025,-1.83632896226
0.000253333333333,-1.82816192566
0.000256666666667,-1.81250401936
0.00026,-1.80628240271
0.000263333333333,-1.80039605006
0.000266666666667,-1.8003367297
0.00027,-1.78663816389
0.000273333333333,-1.77976177191
0.000276666666667,-1.77212111398
0.00028,-1.76190760999
0.000283333333333,-1.73779354773
0.000286666666667,-1.73575768896
0.00029,-1.7225069508
0.000293333333333,-1.72161850956
0.000296666666667,-1.71658631468
0.0003,-1.70037350771
0.000303333333333,-1.69399164923
0.000306666666667,-1.68957863886
0.00031,-1.68666740234
0.000313333333333,-1.66903145595
0.000316666666667,-1.65824266578
0.00032,-1.65125352186
0.000323333333333,-1.65020565962
0.000326666666667,-1.64634551128
0.00033,-1.63367118349
0.000333333333333,-1.63281860432
0.000336666666667,-1.63025968313
0.00034,-1.61502650218
0.000343333333333,-1.61428596684
0.000346666666667,-1.59391870587
0.00035,-1.58763341244
0.000353333333333,-1.55325914909
0.000356666666667,-1.5500866276
0.00036,-1.54304096552
0.000363333333333,-1.54128713653
0.000366666666667,-1.53821594771
0.00037,-1.52201053352
0.000373333333333,-1.51209527227
0.000376666666667,-1.49873489006
0.00038,-1.49268683294
0.000383333333333,-1.48782475649
0.000386666666667,-1.48602755161
0.00039,-1.48475585303
0.000393333333333,-1.48337700665
0.000396666666667,-1.47851246587
0.0004,-1.47500140421
0.000403333333333,-1.47470893887
0.000406666666667,-1.47294246861
0.00041,-1.46033227915
0.000413333333333,-1.4565445641
0.000416666666667,-1.45478973083
0.00042,-1.45458162285
0.000423333333333,-1.45151965389
0.000426666666667,-1.4459274936
0.00043,-1.44036764074
0.000433333333333,-1.43392454218
0.000436666666667,-1.43301682389
0.00044,-1.43206084921
0.000443333333333,-1.43098993908
0.000446666666667,-1.42865582854
0.00045,-1.42683028568
0.000453333333333,-1.41667160698
0.000456666666667,-1.41664668785
0.00046,-1.41150136793
0.000463333333333,-1.40188017307
0.000466666666667,-1.40050928082
0.00047,-1.4004680191
0.000473333333333,-1.400365727
0.000476666666667,-1.39850824294
0.00048,-1.39789982747
0.000483333333333,-1.3962420872
0.000486666666667,-1.39234246978
0.00049,-1.39186202032
0.000493333333333,-1.38882282139
0.000496666666667,-1.38730261181
0.0005,-1.38690494855
0.000503333333333,-1.38539201179
0.000506666666667,-1.38277200633
0.00051,-1.37581458513
0.000513333333333,-1.36549158575
0.000516666666667,-1.35890911425
0.00052,-1.35275470019
0.000523333333333,-1.3504759058
0.000526666666667,-1.34460052394
0.00053,-1.34265071088
0.000533333333333,-1.33992598912
0.000536666666667,-1.33837340432
0.00054,-1.33631782445
0.000543333333333,-1.33594712949
0.000546666666667,-1.33047399351
0.00055,-1.32976467441
0.000553333333333,-1.32899353386
0.000556666666667,-1.32305716333
0.00056,-1.32214147551
0.000563333333333,-1.32189078387
0.000566666666667,-1.31819145454
0.00057,-1.31760451212
0.000573333333333,-1.310239225
0.000576666666667,-1.30808905963
0.00058,-1.30808660785
0.000583333333333,-1.3058724709
0.000586666666667,-1.3030478359
0.00059,-1.30000179725
0.000593333333333,-1.29665841242
0.000596666666667,-1.29473496858
0.0006,-1.28951281306
0.000603333333333,-1.28785332137
0.000606666666667,-1.28715196086
0.00061,-1.28706615925
0.000613333333333,-1.28526581914
0.000616666666667,-1.282366574
0.00062,-1.28125811513
0.000623333333333,-1.28055707968
0.000626666666667,-1.27585327072
0.00063,-1.27063728628
0.000633333333333,-1.26986834237
0.000636666666667,-1.26962147839
0.00064,-1.26566367737
0.000643333333333,-1.2643545554
0.000646666666667,-1.26227302495
0.00065,-1.25992302762
0.000653333333333,-1.25787405283
0.000656666666667,-1.25598102874
0.00066,-1.25542586583
0.000663333333333,-1.25539080874
0.000666666666667,-1.24717187579
0.00067,-1.24557927837
0.000673333333333,-1.24544733818
0.000676666666667,-1.24382973811
0.00068,-1.24203561295
0.000683333333333,-1.24068196051
0.000686666666667,-1.23565552465
0.00069,-1.23480715482
0.000693333333333,-1.23378071176
0.000696666666667,-1.23342742437
0.0007,-1.23266357061
0.000703333333333,-1.23098168338
0.000706666666667,-1.22726730442
0.00071,-1.22411966312
0.000713333333333,-1.22158009697
0.000716666666667,-1.22034566972
0.00072,-1.21833644705
0.000723333333333,-1.21602756311
0.000726666666667,-1.21570352014
0.00073,-1.21516910452
0.000733333333333,-1.21428664732
0.000736666666667,-1.21418717999
0.00074,-1.21417450933
0.000743333333333,-1.21100221696
0.000746666666667,-1.21063894825
0.00075,-1.20982204151
0.000753333333333,-1.2060705064
0.000756666666667,-1.20528666284
0.00076,-1.20224342132
0.000763333333333,-1.19518756689
0.000766666666667,-1.18974502882
0.00077,-1.18898783028
0.000773333333333,-1.18808587617
0.000776666666667,-1.187635992
0.00078,-1.18544021377
0.000783333333333,-1.18036472757
0.000786666666667,-1.17973245893
0.00079,-1.17950835536
0.000793333333333,-1.17950400331
0.000796666666667,-1.17914842636
0.0008,-1.17758125451
0.000803333333333,-1.1772936231
0.000806666666667,-1.17686959214
0.00081,-1.17495330317
0.000813333333333,-1.17440512352
0.000816666666667,-1.17331767416
0.00082,-1.17161475395
0.000823333333333,-1.17012940137
0.000826666666667,-1.16932059672
0.00083,-1.16906114354
0.000833333333333,-1.16764238311
0.000836666666667,-1.16761958952
0.00084,-1.16694185547
0.000843333333333,-1.16673924196
0.000846666666667,-1.1659275805
0.00085,-1.15812684996
0.000853333333333,-1.15696148962
0.000856666666667,-1.1562428653
0.00086,-1.15472837448
0.000863333333333,-1.15400091317
0.000866666666667,-1.153781083
0.00087,-1.15348197457
0.000873333333333,-1.15271934496
0.000876666666667,-1.15211017678
0.00088,-1.14954875557
0.000883333333333,-1.14900540696
0.000886666666667,-1.1486706538
0.00089,-1.14812091801
0.000893333333333,-1.14797006302
0.000896666666667,-1.14678995185
0.0009,-1.14572891912
0.000903333333333,-1.14314558486
0.000906666666667,-1.14310218013
0.00091,-1.14142452802
0.000913333333333,-1.14009735472
0.000916666666667,-1.13984694293
0.00092,-1.13871236599
0.000923333333333,-1.13832810416
0.000926666666667,-1.1364981256
0.00093,-1.1345359321
0.000933333333333,-1.13302316153
0.000936666666667,-1.13226164121
0.00094,-1.13181841635
0.000943333333333,-1.12933341743
0.000946666666667,-1.12718877996
0.00095,-1.12547480646
0.000953333333333,-1.12475811092
0.000956666666667,-1.12451680185
0.00096,-1.12328015239
0.000963333333333,-1.12289629756
0.000966666666667,-1.12108832047
0.00097,-1.12041672181
0.000973333333333,-1.12034770946
0.000976666666667,-1.11887162156
0.00098,-1.11750159253
0.000983333333333,-1.11709885937
0.000986666666667,-1.11695592649
0.00099,-1.11463612017
0.000993333333333,-1.11419361628
0.000996666666667,-1.11383931732
0.001,-1.11379636407
0.00124365234375,-1.04913709259
0.0014873046875,-0.998726207859
0.00173095703125,-0.964778539009
0.001974609375,-0.940419290036
0.00221826171875,-0.919220641032
0.0024619140625,-0.899650641858
0.00270556640625,-0.880975366897
0.00294921875,-0.866642008628
0.00319287109375,-0.852376313244
0.0034365234375,-0.840884944799
0.00368017578125,-0.832060287419
0.003923828125,-0.820807217327
0.00416748046875,-0.80727311692
0.0044111328125,-0.797881146369
0.00465478515625,-0.788148093813
0.0048984375,-0.77793643371
0.00514208984375,-0.769593063239
0.0053857421875,-0.7614825849
0.00562939453125,-0.753923400831
0.005873046875,-0.744992859547
0.00611669921875,-0.737255555325
0.0063603515625,-0.729716197687
0.00660400390625,-0.723222451412
0.00684765625,-0.716553220632
0.00709130859375,-0.711315949797
0.0073349609375,-0.706559646721
0.00757861328125,-0.701575846164
0.007822265625,-0.696776654376
0.00806591796875,-0.690974141642
0.0083095703125,-0.686111342955
0.00855322265625,-0.681892671545
0.008796875,-0.676940460798
0.00904052734375,-0.672323326214
0.0092841796875,-0.667783992729
0.00952783203125,-0.663380199514
0.009771484375,-0.658776309835
0.0100151367188,-0.655087813712
0.0102587890625,-0.651693545271
0.0105024414063,-0.647468703106
0.01074609375,-0.64343235228
0.0109897460937,-0.63989185433
0.0112333984375,-0.63649422807
0.0114770507813,-0.632629593317
0.011720703125,-0.62856486421
0.0119643554688,-0.624371334912
0.0122080078125,-0.621300911364
0.0124516601562,-0.617649098206
0.0126953125,-0.61426930528
0.0129389648438,-0.611677911155
0.0131826171875,-0.60819178509
0.0134262695312,-0.605188296419
0.013669921875,-0.602369600616
0.0139135742187,-0.599223082248
0.0141572265625,-0.596037748548
0.0144008789063,-0.593065792648
0.01464453125,-0.589511558183
0.0148881835937,-0.586394265212
0.0151318359375,-0.58373076188
0.0153754882812,-0.581111297401
0.015619140625,-0.57871145477
0.0158627929688,-0.576387218321
0.0161064453125,-0.573903690007
0.0163500976562,-0.571552552471
0.01659375,-0.569308982706
0.0168374023438,-0.566940892806
0.0170810546875,-0.564914752375
0.0173247070313,-0.562425270554
0.017568359375,-0.560141292508
0.0178120117187,-0.558008757431
0.0180556640625,-0.556076331145
0.0182993164063,-0.553947895085
0.01854296875,-0.551545855943
0.0187866210938,-0.549101480998
0.0190302734375,-0.546938816321
0.0192739257812,-0.544588657817
0.019517578125,-0.542702125682
0.0197612304688,-0.540651515084
0.0200048828125,-0.538507198038
0.0202485351563,-0.536899591691
0.0204921875,-0.53488933305
0.0207358398437,-0.533042313023
0.0209794921875,-0.531204190762
0.0212231445313,-0.52950994524
0.021466796875,-0.527918513504
0.0217104492188,-0.526172043069
0.0219541015625,-0.52442089977
0.0221977539062,-0.522764031384
0.02244140625,-0.520942676645
0.0226850585938,-0.519140893159
0.0229287109375,-0.517419925495
0.0231723632813,-0.515688058118
0.023416015625,-0.514071643875
0.0236596679687,-0.512112002636
0.0239033203125,-0.510625486369
0.0241469726563,-0.509089750401
0.024390625,-0.507490428467
0.0246342773438,-0.50594730603
0.0248779296875,-0.504324831432
0.0251215820313,-0.502606437391
0.025365234375,-0.501238333033
0.0256088867188,-0.499626453574
0.0258525390625,-0.498011713104
0.0260961914063,-0.49653270825
0.02633984375,-0.494937159633
0.0265834960938,-0.493289535174
0.0268271484375,-0.491588319565
0.0270708007813,-0.490219061465
0.027314453125,-0.488973546359
0.0275581054688,-0.487809484079
0.0278017578125,-0.486682142028
0.0280454101563,-0.485317671248
0.0282890625,-0.483933127858
0.0285327148438,-0.482639016072
0.0287763671875,-0.481491284129
0.0290200195312,-0.479942113076
0.029263671875,-0.478578256383
0.0295073242188,-0.477432590119
0.0297509765625,-0.476218165029
0.0299946289063,-0.474899309921
0.03023828125,-0.473710617645
0.0304819335937,-0.472418986325
0.0307255859375,-0.471439375035
0.0309692382813,-0.470022203129
0.031212890625,-0.468777333003
0.0314565429688,-0.467644881217
0.0317001953125,-0.466488216185
0.0319438476562,-0.46500142378
0.0321875,-0.463501111741
0.0324311523437,-0.462430205519
0.0326748046875,-0.46076044997
0.0329184570313,-0.459620809845
0.033162109375,-0.458120266857
0.0334057617188,-0.456824264113
0.0336494140625,-0.455580175141
0.0338930664062,-0.454259308188
0.03413671875,-0.452961811485
0.0343803710938,-0.451699771699
0.0346240234375,-0.450391545616
0.0348676757813,-0.449578549609
0.035111328125,-0.448672742918
0.0353549804687,-0.447711323985
0.0355986328125,-0.446668415435
0.0358422851563,-0.445301758957
0.0360859375,-0.44416814559
0.0363295898438,-0.443065622225
0.0365732421875,-0.441964495727
0.0368168945312,-0.440824730973
0.037060546875,-0.43991579017
0.0373041992188,-0.438803605759
0.0375478515625,-0.437657065587
0.0377915039063,-0.436726259607
0.03803515625,-0.435835379537
0.0382788085937,-0.434796346509
0.0385224609375,-0.433851703377
0.0387661132813,-0.432806420405
0.039009765625,-0.431869098156
0.0392534179688,-0.430874013368
0.0394970703125,-0.430084108454
0.0397407226562,-0.429207882361
0.039984375,-0.428311202168
0.0402280273438,-0.427428168647
0.0404716796875,-0.426333158032
0.0407153320313,-0.425331638268
0.040958984375,-0.42432261308
0.0412026367187,-0.423460769233
0.0414462890625,-0.422438125048
0.0416899414063,-0.421295340067
0.04193359375,-0.420477865236
0.0421772460938,-0.419597678496
0.0424208984375,-0.418654849294
0.0426645507812,-0.417631399908
0.042908203125,-0.416773980698
0.0431518554688,-0.415939582615
0.0433955078125,-0.414871220761
0.0436391601563,-0.413799456848
0.0438828125,-0.412981761559
0.0441264648437,-0.412294305675
0.0443701171875,-0.411388496688
0.0446137695312,-0.410477815028
0.044857421875,-0.409810175438
0.0451010742188,-0.408839763841
0.0453447265625,-0.407817629135
0.0455883789062,-0.406791215069
0.04583203125,-0.406026183202
0.0460756835937,-0.405089239212
0.0463193359375,-0.404107158966
0.0465629882813,-0.403284730815
0.046806640625,-0.402303169686
0.0470502929687,-0.401440637311
0.0472939453125,-0.400489042472
0.0475375976562,-0.399539398991
0.04778125,-0.398768614841
0.0480249023438,-0.39798500961
0.0482685546875,-0.397243731281
0.0485122070313,-0.396323867101
0.048755859375,-0.39541746008
0.0489995117187,-0.394471911106
0.0492431640625,-0.393628678833
0.0494868164063,-0.392900688477
0.04973046875,-0.392028373568
0.0499741210938,-0.391337249679
0.0502177734375,-0.390662976982
0.0504614257812,-0.389858025649
0.050705078125,-0.388989900587
0.0509487304688,-0.388353558387
0.0511923828125,-0.387584048696
0.0514360351563,-0.386781750065
0.0516796875,-0.386047931144
0.0519233398437,-0.385090789071
0.0521669921875,-0.384210049954
0.0524106445313,-0.383523874319
0.052654296875,-0.382940087113
0.0528979492188,-0.382086175438
0.0531416015625,-0.381311003422
0.0533852539062,-0.380477526343
0.05362890625,-0.379644375333
0.0538725585938,-0.378793688252
0.0541162109375,-0.378198161376
0.0543598632813,-0.377311502064
0.054603515625,-0.376440461946
0.0548471679687,-0.375700012046
0.0550908203125,-0.374954959071
0.0553344726563,-0.374128127389
0.055578125,-0.373333520269
0.0558217773438,-0.372506746824
0.0560654296875,-0.371775719878
0.0563090820312,-0.370863300194
0.056552734375,-0.370156069489
0.0567963867188,-0.369369430708
0.0570400390625,-0.368678763416
0.0572836914063,-0.368000378236
0.05752734375,-0.367329327383
0.0577709960937,-0.366578806822
0.0580146484375,-0.365906691174
0.0582583007813,-0.365150463896
0.058501953125,-0.364506181211
0.0587456054688,-0.363798026098
0.0589892578125,-0.363251589285
0.0592329101562,-0.362587890819
0.0594765625,-0.361838101693
0.0597202148438,-0.361297987322
0.0599638671875,-0.36073316763
0.0602075195313,-0.360030475159
0.060451171875,-0.359520764759
0.0606948242187,-0.358782090031
0.0609384765625,-0.358060367411
0.0611821289063,-0.357393467716
0.06142578125,-0.356782616797
0.0616694335938,-0.356079871479
0.0619130859375,-0.35530052826
0.0621567382812,-0.354619600228
0.062400390625,-0.354027518104
0.0626440429687,-0.35329985573
0.0628876953125,-0.352642397493
0.0631313476563,-0.351996495871
0.063375,-0.351282366696
0.0636186523437,-0.35056962653
0.0638623046875,-0.349971693426
0.0641059570313,-0.349308640517
0.064349609375,-0.348636926805
0.0645932617188,-0.348048597036
0.0648369140625,-0.347396030472
0.0650805664062,-0.346824798962
0.06532421875,-0.346091891407
0.0655678710938,-0.345449674576
0.0658115234375,-0.344683360835
0.0660551757813,-0.343984062798
0.066298828125,-0.343390620413
0.0665424804687,-0.342720328637
0.0667861328125,-0.342110424718
0.0670297851563,-0.341494683895
0.0672734375,-0.340887612907
0.0675170898438,-0.340311791431
0.0677607421875,-0.339693108204
0.0680043945312,-0.339107159624
0.068248046875,-0.338405436919
0.0684916992188,-0.337584879208
0.0687353515625,-0.336912945702
0.0689790039063,-0.336304543074
0.06922265625,-0.335767998392
0.0694663085937,-0.335148958982
0.0697099609375,-0.334643116585
0.0699536132813,-0.334043400145
0.070197265625,-0.333439409266
0.0704409179688,-0.332913463015
0.0706845703125,-0.332406294271
0.0709282226562,-0.331794911301
0.071171875,-0.33121261293
0.0714155273438,-0.330692571382
0.0716591796875,-0.330127143178
0.0719028320313,-0.329541200674
0.072146484375,-0.328926006812
0.0723901367187,-0.32840591934
0.0726337890625,-0.327756258249
0.0728774414063,-0.327285183758
0.07312109375,-0.326653116937
0.0733647460938,-0.326046703273
0.0736083984375,-0.325483106667
0.0738520507812,-0.324853055399
0.074095703125,-0.324344152446
0.0743393554688,-0.323809146491
0.0745830078125,-0.323244673691
0.0748266601563,-0.322604690486
0.0750703125,-0.32204003438
0.0753139648437,-0.321448529451
0.0755576171875,-0.320868763606
0.0758012695313,-0.320304777265
0.076044921875,-0.319824340436
0.0762885742188,-0.319270592303
0.0765322265625,-0.318747693735
0.0767758789062,-0.318094464879
0.07701953125,-0.317696086335
0.0772631835938,-0.317081801545
0.0775068359375,-0.316607544537
0.0777504882813,-0.316001311701
0.077994140625,-0.315402744923
0.0782377929687,-0.314799127929
0.0784814453125,-0.314172423299
0.0787250976563,-0.313688729152
0.07896875,-0.313109920299
0.0792124023438,-0.312640371996
0.0794560546875,-0.312132981064
0.0796997070312,-0.311689268352
0.079943359375,-0.311139189109
0.0801870117188,-0.310524767273
0.0804306640625,-0.3100149258
0.0806743164063,-0.309434563853
0.08091796875,-0.308867616994
0.0811616210937,-0.308227971715
0.0814052734375,-0.307624616482
0.0816489257813,-0.307185920564
0.081892578125,-0.30665062595
0.0821362304688,-0.306160832379
0.0823798828125,-0.30548588399
0.0826235351562,-0.305010139235
0.0828671875,-0.304435004711
0.0831108398438,-0.303782886827
0.0833544921875,-0.30320892089
0.0835981445313,-0.302642827275
0.083841796875,-0.302102959776
0.0840854492187,-0.301532385193
0.0843291015625,-0.300975763754
0.0845727539063,-0.300565305372
0.08481640625,-0.300009765214
0.0850600585938,-0.299560168268
0.0853037109375,-0.298961754739
0.0855473632812,-0.298527455194
0.085791015625,-0.298020856975
0.0860346679688,-0.297498265293
0.0862783203125,-0.297011679455
0.0865219726563,-0.296560633775
0.086765625,-0.296029649231
0.0870092773437,-0.295596186825
0.0872529296875,-0.295071092272
0.0874965820313,-0.294460559263
0.087740234375,-0.29396088356
0.0879838867188,-0.293369374503
0.0882275390625,-0.292853925993
0.0884711914062,-0.292374956057
0.08871484375,-0.291878328667
0.0889584960938,-0.291370975289
0.0892021484375,-0.290923008122
0.0894458007813,-0.290432440491
0.089689453125,-0.290039772074
0.0899331054687,-0.28948486648
0.0901767578125,-0.288899380725
0.0904204101563,-0.288394367164
0.0906640625,-0.287891218259
0.0909077148438,-0.287377643234
0.0911513671875,-0.286831122894
0.0913950195312,-0.286316369362
0.091638671875,-0.285888008069
0.0918823242188,-0.285474484945
0.0921259765625,-0.285025152688
0.0923696289063,-0.284536938487
0.09261328125,-0.283920264883
0.0928569335937,-0.283445585684
0.0931005859375,-0.283021644659
0.0933442382813,-0.28241089428
0.093587890625,-0.28209765675
0.0938315429688,-0.28174251384
0.0940751953125,-0.281318848375
0.0943188476562,-0.280865895739
0.0945625,-0.280433358071
0.0948061523438,-0.279959339789
0.0950498046875,-0.279415541076
0.0952934570313,-0.279034045076
0.095537109375,-0.278582686051
0.0957807617187,-0.278102519283
0.0960244140625,-0.277744214976
0.0962680664063,-0.277317070089
0.09651171875,-0.276843528107
0.0967553710938,-0.276355753304
0.0969990234375,-0.275913169614
0.0972426757812,-0.275440768537
0.097486328125,-0.275000427213
0.0977299804688,-0.274424564501
0.0979736328125,-0.273963937571
0.0982172851563,-0.273531699178
0.0984609375,-0.273040668207
0.0987045898437,-0.272592747226
0.0989482421875,-0.272164463432
0.0991918945313,-0.271714994183
0.099435546875,-0.271320131422
0.0996791992188,-0.270801219066
0.0999228515625,-0.270373292876
0.100166503906,-0.269929482894
0.10041015625,-0.269475114791
0.100653808594,-0.26904756134
0.100897460938,-0.26857675821
0.101141113281,-0.268062324666
0.101384765625,-0.267650531535
0.101628417969,-0.267237972491
0.101872070313,-0.266745400468
0.102115722656,-0.266308210984
0.102359375,-0.265870792979
0.102603027344,-0.265520903685
0.102846679687,-0.265100498491
0.103090332031,-0.264777288201
0.103333984375,-0.264456352597
0.103577636719,-0.263962013424
0.103821289063,-0.263575733774
0.104064941406,-0.263144251016
0.10430859375,-0.262622721228
0.104552246094,-0.262221928257
0.104795898438,-0.261709060903
0.105039550781,-0.261359712894
0.105283203125,-0.260916243039
0.105526855469,-0.260514507934
0.105770507812,-0.260103348731
0.106014160156,-0.259707038806
0.1062578125,-0.259278013435
0.106501464844,-0.258924025173
0.106745117188,-0.258531674259
0.106988769531,-0.258080212535
0.107232421875,-0.257702475688
0.107476074219,-0.257386099719
0.107719726563,-0.256963034825
0.107963378906,-0.256564117773
0.10820703125,-0.256182276788
0.108450683594,-0.255780718061
0.108694335937,-0.255353676792
0.108937988281,-0.25490259151
0.109181640625,-0.25460257881
0.109425292969,-0.254148641151
0.109668945313,-0.253676955261
0.109912597656,-0.253260487088
0.11015625,-0.252895634208
0.110399902344,-0.25249818356
0.110643554688,-0.252130225012
0.110887207031,-0.251673451647
0.111130859375,-0.251322011353
0.111374511719,-0.250980642492
0.111618164062,-0.250476421883
0.111861816406,-0.250072652762
0.11210546875,-0.249685938345
0.112349121094,-0.249398626313
0.112592773438,-0.249025370387
0.112836425781,-0.248604018069
0.113080078125,-0.248161828977
0.113323730469,-0.24780606227
0.113567382813,-0.247418013071
0.113811035156,-0.246994272118
0.1140546875,-0.246656029947
0.114298339844,-0.246268101231
0.114541992187,-0.245864254759
0.114785644531,-0.245445305859
0.115029296875,-0.245119773283
0.115272949219,-0.244765432925
0.115516601563,-0.244409091524
0.115760253906,-0.244008527062
0.11600390625,-0.243644806244
0.116247558594,-0.243309507008
0.116491210938,-0.242995098383
0.116734863281,-0.242578524227
0.116978515625,-0.242198869894
0.117222167969,-0.24180747157
0.117465820312,-0.241439620194
0.117709472656,-0.241081972941
0.117953125,-0.240727798604
0.118196777344,-0.240315301369
0.118440429688,-0.239971414368
0.118684082031,-0.239620115347
0.118927734375,-0.239272578373
0.119171386719,-0.238834813891
0.119415039063,-0.238541163739
0.119658691406,-0.238197222152
0.11990234375,-0.237833583839
0.120145996094,-0.237496402894
0.120389648437,-0.237122045064
0.120633300781,-0.236741684624
0.120876953125,-0.236360661444
0.121120605469,-0.236027431224
0.121364257813,-0.235630422565
0.121607910156,-0.235210352285
0.1218515625,-0.234877186121
0.122095214844,-0.234547646899
0.122338867188,-0.234230645549
0.122582519531,-0.233873257457
0.122826171875,-0.233574994087
0.123069824219,-0.233227022557
0.123313476562,-0.232890822352
0.123557128906,-0.232546121265
0.12380078125,-0.232152521816
0.124044433594,-0.231765843111
0.124288085938,-0.23135153326
0.124531738281,-0.230952559972
0.124775390625,-0.230551908575
0.125019042969,-0.230182203185
0.125262695313,-0.22976900001
0.125506347656,-0.229435835601
0.12575,-0.229127395857
0.125993652344,-0.228762082247
0.126237304687,-0.228402972309
0.126480957031,-0.228093030573
0.126724609375,-0.227778641146
0.126968261719,-0.227473890457
0.127211914063,-0.227093337551
0.127455566406,-0.226709622112
0.12769921875,-0.226341710603
0.127942871094,-0.226004102201
0.128186523438,-0.225659815468
0.128430175781,-0.225325403671
0.128673828125,-0.225048759874
0.128917480469,-0.224689246934
0.129161132812,-0.224369687473
0.129404785156,-0.224003765903
0.1296484375,-0.223592160511
0.129892089844,-0.223197636742
0.130135742188,-0.222889717582
0.130379394531,-0.222605314303
0.130623046875,-0.222282315059
0.130866699219,-0.221946648165
0.131110351563,-0.221577872712
0.131354003906,-0.221292523092
0.13159765625,-0.220931132242
0.131841308594,-0.220611745616
0.132084960937,-0.220317281761
0.132328613281,-0.22000136632
0.132572265625,-0.219676155014
0.132815917969,-0.219368396568
0.133059570313,-0.219062462225
0.133303222656,-0.218737415854
0.133546875,-0.218377209705
0.133790527344,-0.217995653287
0.134034179688,-0.217719354689
0.134277832031,-0.217345941338
0.134521484375,-0.21706777097
0.134765136719,-0.216732571424
0.135008789062,-0.216457760101
0.135252441406,-0.216114866241
0.13549609375,-0.21578158782
0.135739746094,-0.215472223734
0.135983398438,-0.215125981719
0.136227050781,-0.214852009747
0.136470703125,-0.214373308893
0.136714355469,-0.214054325402
0.136958007813,-0.213722740522
0.137201660156,-0.213393924043
0.1374453125,-0.213028302033
0.137688964844,-0.212766705631
0.137932617187,-0.212432127474
0.138176269531,-0.212076295122
0.138419921875,-0.211777966394
0.138663574219,-0.211540268971
0.138907226563,-0.211148694565
0.139150878906,-0.210752672414
0.13939453125,-0.210439481474
0.139638183594,-0.210144787849
0.139881835938,-0.209857451712
0.140125488281,-0.209576650529
0.140369140625,-0.20922870474
0.140612792969,-0.208933221454
0.140856445312,-0.208631766541
0.141100097656,-0.208264088735
0.14134375,-0.208003816651
0.141587402344,-0.207677461003
0.141831054688,-0.207381225793
0.142074707031,-0.207073720509
0.142318359375,-0.206727054929
0.142562011719,-0.206403992029
0.142805664063,-0.206073780307
0.143049316406,-0.205794408708
0.14329296875,-0.205451933392
0.143536621094,-0.205081885872
0.143780273437,-0.20479513189
0.144023925781,-0.204486954225
0.144267578125,-0.204164708148
0.144511230469,-0.203919177309
0.144754882813,-0.203541430219
0.144998535156,-0.20324408541
0.1452421875,-0.202945635536
0.145485839844,-0.202642495097
0.145729492188,-0.202350011643
0.145973144531,-0.201959725723
0.146216796875,-0.201668310028
0.146460449219,-0.201431898492
0.146704101562,-0.201043121361
0.146947753906,-0.200793255462
0.14719140625,-0.200556814918
0.147435058594,-0.20029594128
0.147678710938,-0.19998347091
0.147922363281,-0.199711447661
0.148166015625,-0.199458695963
0.148409667969,-0.199197836597
0.148653320313,-0.198871475219
0.148896972656,-0.198618083397
0.149140625,-0.198286262709
0.149384277344,-0.197983787454
0.149627929687,-0.197686568277
0.149871582031,-0.197394521182
0.150115234375,-0.197139850966
0.150358886719,-0.196847838364
0.150602539063,-0.196552355135
0.150846191406,-0.196224553483
0.15108984375,-0.195913501949
0.151333496094,-0.195643429139
0.151577148438,-0.195309537009
0.151820800781,-0.194987710912
0.152064453125,-0.194726384676
0.152308105469,-0.194448491812
0.152551757812,-0.194115840207
0.152795410156,-0.193843082462
0.1530390625,-0.193601353473
0.153282714844,-0.19335847253
0.153526367188,-0.193106226154
0.153770019531,-0.192833328551
0.154013671875,-0.192528259366
0.154257324219,-0.192274097163
0.154500976563,-0.19201452142
0.154744628906,-0.191714933357
0.15498828125,-0.191425912384
0.155231933594,-0.191131415156
0.155475585937,-0.190853312453
0.155719238281,-0.19059364268
0.155962890625,-0.190363269679
0.156206542969,-0.190067254916
0.156450195313,-0.189804073392
0.156693847656,-0.18949261596
0.1569375,-0.189216502478
0.157181152344,-0.188960541279
0.157424804688,-0.188693594312
0.157668457031,-0.188389068891
0.157912109375,-0.188116204923
0.158155761719,-0.187828588109
0.158399414062,-0.187592192867
0.158643066406,-0.187279138023
0.15888671875,-0.187037455469
0.159130371094,-0.186785796782
0.159374023438,-0.186508197065
0.159617675781,-0.186260254852
0.159861328125,-0.186013057651
0.160104980469,-0.185780189749
0.160348632813,-0.185566679451
0.160592285156,-0.185313898269
0.1608359375,-0.18507361193
0.161079589844,-0.184773627041
0.161323242187,-0.18450101412
0.161566894531,-0.184260013881
0.161810546875,-0.18400020753
0.162054199219,-0.183741774207
0.162297851563,-0.183499403415
0.162541503906,-0.183200172324
0.16278515625,-0.182918644809
0.163028808594,-0.182642042362
0.163272460938,-0.182343013388
0.163516113281,-0.182124583562
0.163759765625,-0.181831787298
0.164003417969,-0.181566655586
0.164247070312,-0.181244751687
0.164490722656,-0.180965325386
0.164734375,-0.180687449567
0.164978027344,-0.180438825324
0.165221679688,-0.180179931494
0.165465332031,-0.179905218646
0.165708984375,-0.179642505878
0.165952636719,-0.179379914983
0.166196289063,-0.179126188712
0.166439941406,-0.17888393237
0.16668359375,-0.178579171322
0.166927246094,-0.178343445801
0.167170898437,-0.178070984534
0.167414550781,-0.177814376723
0.167658203125,-0.177522243817
0.167901855469,-0.17727827212
0.168145507813,-0.17703536581
0.168389160156,-0.176786358847
0.1686328125,-0.176536564756
0.168876464844,-0.176321194959
0.169120117188,-0.176044921564
0.169363769531,-0.175818538703
0.169607421875,-0.175595694414
0.169851074219,-0.175369534654
0.170094726562,-0.175135553374
0.170338378906,-0.174831137142
0.17058203125,-0.174560212408
0.170825683594,-0.174301087078
0.171069335938,-0.174054036822
0.171312988281,-0.173761198202
0.171556640625,-0.173480099281
0.171800292969,-0.173211310429
0.172043945313,-0.172976578268
0.172287597656,-0.172697604907
0.17253125,-0.17244382531
0.172774902344,-0.172183061434
0.173018554687,-0.171886110274
0.173262207031,-0.171656914299
0.173505859375,-0.171403570894
0.173749511719,-0.171171066082
0.173993164063,-0.170914636822
0.174236816406,-0.170676972603
0.17448046875,-0.170387775211
0.174724121094,-0.170124468382
0.174967773438,-0.169876770578
0.175211425781,-0.169614564941
0.175455078125,-0.169368526168
0.175698730469,-0.169083591133
0.175942382812,-0.168851163453
0.176186035156,-0.168627903241
0.1764296875,-0.1684236455
0.176673339844,-0.168172846516
0.176916992188,-0.167926600821
0.177160644531,-0.167722956186
0.177404296875,-0.167408783076
0.177647949219,-0.167167566344
0.177891601563,-0.166934824338
0.178135253906,-0.166671632148
0.17837890625,-0.166448906851
0.178622558594,-0.166242016215
0.178866210937,-0.166043287158
0.179109863281,-0.165782203054
0.179353515625,-0.16555574666
0.179597167969,-0.165321135057
0.179840820313,-0.165077658606
0.180084472656,-0.164817463138
0.180328125,-0.164606386528
0.180571777344,-0.164367178009
0.180815429688,-0.164118101091
0.181059082031,-0.163865540833
0.181302734375,-0.163610577355
0.181546386719,-0.163369339786
0.181790039062,-0.163102726434
0.182033691406,-0.162872327276
0.18227734375,-0.162576429218
0.182520996094,-0.162383593523
0.182764648438,-0.162170823106
0.183008300781,-0.161893272827
0.183251953125,-0.161699035229
0.183495605469,-0.161458415683
0.183739257813,-0.16122967876
0.183982910156,-0.161001201393
0.1842265625,-0.160745569856
0.184470214844,-0.160538750015
0.184713867187,-0.160328301501
0.184957519531,-0.160113410947
0.185201171875,-0.15979503578
0.185444824219,-0.159591757662
0.185688476563,-0.159370073513
0.185932128906,-0.15915027363
0.18617578125,-0.158923289989
0.186419433594,-0.15870977878
0.186663085938,-0.158455972058
0.186906738281,-0.158224813387
0.187150390625,-0.157959102445
0.187394042969,-0.157689916024
0.187637695312,-0.157444795863
0.187881347656,-0.157213608746
0.188125,-0.157014714286
0.188368652344,-0.156780221749
0.188612304688,-0.1565337498
0.188855957031,-0.156337307858
0.189099609375,-0.156070494204
0.189343261719,-0.155818974567
0.189586914063,-0.155612186812
0.189830566406,-0.155425118904
0.19007421875,-0.155207622246
0.190317871094,-0.154974252384
0.190561523437,-0.154780550992
0.190805175781,-0.154522811093
0.191048828125,-0.154297039763
0.191292480469,-0.154106943083
0.191536132813,-0.153909320198
0.191779785156,-0.153711084934
0.1920234375,-0.153519963023
0.192267089844,-0.153321061283
0.192510742188,-0.153131603802
0.192754394531,-0.152926843512
0.192998046875,-0.152660765338
0.193241699219,-0.152476916769
0.193485351562,-0.152237943152
0.193729003906,-0.152082041078
0.19397265625,-0.151846983226
0.194216308594,-0.151577475872
0.194459960938,-0.151350776864
0.194703613281,-0.151120745038
0.194947265625,-0.150939993136
0.195190917969,-0.150710929379
0.195434570312,-0.150501834961
0.195678222656,-0.150290470951
0.195921875,-0.150086476222
0.196165527344,-0.149839186243
0.196409179687,-0.149610395092
0.196652832031,-0.149387127708
0.196896484375,-0.149161328896
0.197140136719,-0.148938729292
0.197383789063,-0.148720829533
0.197627441406,-0.148516379188
0.19787109375,-0.148321842875
0.198114746094,-0.14806243164
0.198358398437,-0.147803079733
0.198602050781,-0.14757097918
0.198845703125,-0.147386713163
0.199089355469,-0.147127830991
0.199333007812,-0.146891758717
0.199576660156,-0.146674979773
0.1998203125,-0.14642177492
0.200063964844,-0.146217038275
0.200307617188,-0.145978073809
0.200551269531,-0.145774446153
0.200794921875,-0.145593490151
0.201038574219,-0.145375596041
0.201282226562,-0.145185192827
0.201525878906,-0.144957675144
0.20176953125,-0.144790774457
0.202013183594,-0.144558447585
0.202256835937,-0.144342735878
0.202500488281,-0.144123722584
0.202744140625,-0.143925244365
0.202987792969,-0.143735323724
0.203231445313,-0.143521085267
0.203475097656,-0.143285406539
0.20371875,-0.14306796731
0.203962402344,-0.142857142857
0.204206054687,-0.142680801043
0.204449707031,-0.142462626444
0.204693359375,-0.142243716652
0.204937011719,-0.142018137067
0.205180664062,-0.141834134184
0.205424316406,-0.141652571266
0.20566796875,-0.141420424739
0.205911621094,-0.141167633423
0.206155273438,-0.140920101583
0.206398925781,-0.14071800662
0.206642578125,-0.140493421955
0.206886230469,-0.14025264214
0.207129882812,-0.140043188164
0.207373535156,-0.139821613379
0.2076171875,-0.139574016601
0.207860839844,-0.139393541066
0.208104492187,-0.139219924414
0.208348144531,-0.138962268928
0.208591796875,-0.138749131361
0.208835449219,-0.13855791005
0.209079101563,-0.138340632162
0.209322753906,-0.138099521639
0.20956640625,-0.137913938846
0.209810058594,-0.137719796671
0.210053710937,-0.1375328076
0.210297363281,-0.137320464379
0.210541015625,-0.137125849146
0.210784667969,-0.136928348617
0.211028320312,-0.136712990468
0.211271972656,-0.136507623273
0.211515625,-0.136301971302
0.211759277344,-0.136090556085
0.212002929688,-0.135918987799
0.212246582031,-0.135712756377
0.212490234375,-0.135534208698
0.212733886719,-0.135338755957
0.212977539062,-0.135141145497
0.213221191406,-0.134951567062
0.21346484375,-0.134761631647
0.213708496094,-0.134582570472
0.213952148437,-0.13434464631
0.214195800781,-0.134165458894
0.214439453125,-0.133953484644
0.214683105469,-0.133777944113
0.214926757813,-0.133564877241
0.215170410156,-0.13337308931
0.2154140625,-0.133210535357
0.215657714844,-0.132995795696
0.215901367187,-0.132741386163
0.216145019531,-0.132533958612
0.216388671875,-0.132349446845
0.216632324219,-0.132142877075
0.216875976562,-0.131919074079
0.217119628906,-0.131710711145
0.21736328125,-0.131514475697
0.217606933594,-0.131269757159
0.217850585938,-0.13110255547
0.218094238281,-0.130877114255
0.218337890625,-0.130657508748
0.218581542969,-0.130470922285
0.218825195312,-0.130273030198
0.219068847656,-0.130086664526
0.2193125,-0.129882810469
0.219556152344,-0.12970059723
0.219799804687,-0.129488196626
0.220043457031,-0.12930182145
0.220287109375,-0.129131591948
0.220530761719,-0.128930919161
0.220774414063,-0.128725705667
0.221018066406,-0.128546100039
0.22126171875,-0.128335407098
0.221505371094,-0.128141737911
0.221749023437,-0.127983650756
0.221992675781,-0.127801215183
0.222236328125,-0.127563525786
0.222479980469,-0.127372632446
0.222723632812,-0.127194744591
0.222967285156,-0.126968269222
0.2232109375,-0.126804473529
0.223454589844,-0.126620714286
0.223698242188,-0.126399797434
0.223941894531,-0.126193189771
0.224185546875,-0.12599343727
0.224429199219,-0.125751798773
0.224672851562,-0.125552922948
0.224916503906,-0.125395066048
0.22516015625,-0.125212109875
0.225403808594,-0.124995815295
0.225647460937,-0.124799195022
0.225891113281,-0.124615748197
0.226134765625,-0.124425275272
0.226378417969,-0.124278950282
0.226622070313,-0.124054104541
0.226865722656,-0.123881913714
0.227109375,-0.123701008672
0.227353027344,-0.123517822191
0.227596679687,-0.123347130183
0.227840332031,-0.123181617225
0.228083984375,-0.122951766954
0.228327636719,-0.122743387413
0.228571289062,-0.122539613184
0.228814941406,-0.122370646246
0.22905859375,-0.122176794772
0.229302246094,-0.122018630813
0.229545898438,-0.12182106286
0.229789550781,-0.121642597829
0.230033203125,-0.12146349144
0.230276855469,-0.121308746331
0.230520507812,-0.121159621922
0.230764160156,-0.121008818531
0.2310078125,-0.12080881952
0.231251464844,-0.120618384295
0.231495117187,-0.120464743462
0.231738769531,-0.120299429199
0.231982421875,-0.12011816144
0.232226074219,-0.119956367815
0.232469726563,-0.119766946126
0.232713378906,-0.11958936392
0.23295703125,-0.119366424925
0.233200683594,-0.119170571636
0.233444335937,-0.118977787292
0.233687988281,-0.118786043187
0.233931640625,-0.11859035929
0.234175292969,-0.118405378814
0.234418945312,-0.118220223315
0.234662597656,-0.118044135617
0.23490625,-0.117842215165
0.235149902344,-0.117606832622
0.235393554688,-0.117425626175
0.235637207031,-0.117274164915
0.235880859375,-0.117077939688
0.236124511719,-0.116925668634
0.236368164062,-0.11669336991
0.236611816406,-0.116512959884
0.23685546875,-0.116328909193
0.237099121094,-0.116106752037
0.237342773437,-0.115954111885
0.237586425781,-0.115740672009
0.237830078125,-0.115573520828
0.238073730469,-0.11540070615
0.238317382813,-0.11516720724
0.238561035156,-0.114966869719
0.2388046875,-0.114795570094
0.239048339844,-0.11460137828
0.239291992187,-0.114429805337
0.239535644531,-0.114285714286
0.239779296875,-0.114106366711
0.240022949219,-0.113942294168
0.240266601562,-0.113744535353
0.240510253906,-0.113545235649
0.24075390625,-0.113374990717
0.240997558594,-0.113181371972
0.241241210938,-0.113007411137
0.241484863281,-0.112820519912
0.241728515625,-0.112639433809
0.241972167969,-0.112460451731
0.242215820312,-0.112282016057
0.242459472656,-0.112099814451
0.242703125,-0.111947027624
0.242946777344,-0.111801649817
0.243190429687,-0.111579215305
0.243434082031,-0.111379254706
0.243677734375,-0.111170551541
0.243921386719,-0.110978834052
0.244165039063,-0.110775283813
0.244408691406,-0.110625413161
0.24465234375,-0.110461440436
0.244895996094,-0.110277620587
0.245139648437,-0.110105477242
0.245383300781,-0.109913870097
0.245626953125,-0.10971795681
0.245870605469,-0.109547430587
0.246114257812,-0.109362044684
0.246357910156,-0.109238164214
0.2466015625,-0.109064417157
0.246845214844,-0.108908548742
0.247088867188,-0.108727114895
0.247332519531,-0.108569067055
0.247576171875,-0.108374810657
0.247819824219,-0.108219504502
0.248063476562,-0.108052486213
0.248307128906,-0.107871931184
0.24855078125,-0.107710329211
0.248794433594,-0.107556549426
0.249038085937,-0.107385745516
0.249281738281,-0.107176795974
0.249525390625,-0.107007867074
0.249769042969,-0.106825255268
0.250012695312,-0.106630426921
0.250256347656,-0.106462997114
0.2505,-0.106334340464
0.250743652344,-0.106168585549
0.250987304687,-0.106022009431
0.251230957031,-0.105861849455
0.251474609375,-0.105666392442
0.251718261719,-0.105416803781
0.251961914063,-0.105234115339
0.252205566406,-0.105053546119
0.25244921875,-0.104867267386
0.252692871094,-0.104703324612
0.252936523438,-0.104533724854
0.253180175781,-0.104336037545
0.253423828125,-0.104148242313
0.253667480469,-0.103998860885
0.253911132812,-0.103835800786
0.254154785156,-0.103674423265
0.2543984375,-0.103523541502
0.254642089844,-0.103383391951
0.254885742187,-0.103188201592
0.255129394531,-0.103001605438
0.255373046875,-0.102844685409
0.255616699219,-0.10268317791
0.255860351562,-0.102516675084
0.256104003906,-0.102354810818
0.25634765625,-0.102192664638
0.256591308594,-0.102015567756
0.256834960938,-0.101834914061
0.257078613281,-0.101683159385
0.257322265625,-0.101506243334
0.257565917969,-0.101309291476
0.257809570313,-0.10114662388
0.258053222656,-0.100958124451
0.258296875,-0.100815497748
0.258540527344,-0.100636896441
0.258784179688,-0.100460117944
0.259027832031,-0.100273703919
0.259271484375,-0.100097912798
0.259515136719,-0.0999121224636
0.259758789062,-0.09974799608
0.260002441406,-0.0995841364398
0.26024609375,-0.0994011812335
0.260489746094,-0.099220107856
0.260733398437,-0.0990285055501
0.260977050781,-0.0988658742008
0.261220703125,-0.0987051019575
0.261464355469,-0.0985326990259
0.261708007812,-0.0983444352356
0.261951660156,-0.0981984191666
0.2621953125,-0.0980255307335
0.262438964844,-0.0978201563982
0.262682617188,-0.0976270772462
0.262926269531,-0.0974850759552
0.263169921875,-0.0973082095026
0.263413574219,-0.0971427825527
0.263657226563,-0.0969812059109
0.263900878906,-0.0968121431434
0.26414453125,-0.0966485595504
0.264388183594,-0.096444326416
0.264631835938,-0.0963088772556
0.264875488281,-0.0961755455666
0.265119140625,-0.0960222532759
0.265362792969,-0.0958674492526
0.265606445312,-0.0956942491509
0.265850097656,-0.0955572787947
0.26609375,-0.0954116609988
0.266337402344,-0.0952396250705
0.266581054687,-0.0951061108266
0.266824707031,-0.0949416392157
0.267068359375,-0.0947803544917
0.267312011719,-0.0945910677381
0.267555664062,-0.0944371423278
0.267799316406,-0.0942356378876
0.26804296875,-0.0941032958518
0.268286621094,-0.0939269331369
0.268530273438,-0.0937770733903
0.268773925781,-0.0936225098053
0.269017578125,-0.0934681414363
0.269261230469,-0.0932816539031
0.269504882813,-0.0931214519975
0.269748535156,-0.0929411425479
0.2699921875,-0.0927331034962
0.270235839844,-0.0926281321824
0.270479492188,-0.0924729182764
0.270723144531,-0.0923120578181
0.270966796875,-0.0921634658666
0.271210449219,-0.0920164480635
0.271454101562,-0.0918628249551
0.271697753906,-0.091705773486
0.27194140625,-0.0915428143046
0.272185058594,-0.0914059682344
0.272428710937,-0.0912353037045
0.272672363281,-0.0911052286119
0.272916015625,-0.0909380026362
0.273159667969,-0.0907675114008
0.273403320312,-0.0905787572006
0.273646972656,-0.0904160877466
0.273890625,-0.0902412188932
0.274134277344,-0.0900744876921
0.274377929688,-0.0899086587869
0.274621582031,-0.0897506500017
0.274865234375,-0.0895748417474
0.275108886719,-0.0894131120142
0.275352539063,-0.0892263977262
0.275596191406,-0.0890481025903
0.27583984375,-0.0888887904136
0.276083496094,-0.0887398570473
0.276327148438,-0.088581289892
0.276570800781,-0.0883962075832
0.276814453125,-0.0882050079005
0.277058105469,-0.0880887493161
0.277301757812,-0.0879278926591
0.277545410156,-0.0877708973739
0.2777890625,-0.0876185584427
0.278032714844,-0.0874802050689
0.278276367187,-0.0873092703972
0.278520019531,-0.0871682141024
0.278763671875,-0.0870390013306
0.279007324219,-0.0868752050364
0.279250976562,-0.0867048751202
0.279494628906,-0.0865596233611
0.27973828125,-0.0863663495475
0.279981933594,-0.0862071355973
0.280225585938,-0.0860553298407
0.280469238281,-0.0858838590681
0.280712890625,-0.0857407569283
0.280956542969,-0.085548520992
0.281200195313,-0.0853696317344
0.281443847656,-0.0852248620502
0.2816875,-0.0850332266025
0.281931152344,-0.0848719635587
0.282174804688,-0.0847296369494
0.282418457031,-0.0845819036778
0.282662109375,-0.0844374335471
0.282905761719,-0.0842533315851
0.283149414062,-0.0841140087522
0.283393066406,-0.0839763991854
0.28363671875,-0.0838300651503
0.283880371094,-0.083652529695
0.284124023437,-0.0835108329144
0.284367675781,-0.0833259267556
0.284611328125,-0.0831274997016
0.284854980469,-0.0829516893877
0.285098632812,-0.0828038581847
0.285342285156,-0.0826784713408
0.2855859375,-0.0825411822879
0.285829589844,-0.0823896295025
0.286073242188,-0.0822535724386
0.286316894531,-0.0820900206108
0.286560546875,-0.0819244162473
0.286804199219,-0.0817860396073
0.287047851563,-0.081609903948
0.287291503906,-0.0814596224309
0.28753515625,-0.0813006186849
0.287778808594,-0.0811648042444
0.288022460938,-0.0809949685983
0.288266113281,-0.0808869828432
0.288509765625,-0.0807314989484
0.288753417969,-0.0805530039569
0.288997070312,-0.0804020656287
0.289240722656,-0.0802369326814
0.289484375,-0.0801118037135
0.289728027344,-0.0799648913488
0.289971679687,-0.0798111783654
0.290215332031,-0.079657925411
0.290458984375,-0.0794965650867
0.290702636719,-0.0793666425887
0.290946289062,-0.0792161192214
0.291189941406,-0.0790697095211
0.29143359375,-0.0789426637573
0.291677246094,-0.0788081323962
0.291920898438,-0.078676318768
0.292164550781,-0.0785213455062
0.292408203125,-0.0783663976785
0.292651855469,-0.0782423814306
0.292895507813,-0.0780873536847
0.293139160156,-0.0779206687664
0.2933828125,-0.0777680991606
0.293626464844,-0.0775734115023
0.293870117188,-0.0774265819131
0.294113769531,-0.0772656129733
0.294357421875,-0.077113935227
0.294601074219,-0.0769430110138
0.294844726562,-0.0767961120761
0.295088378906,-0.0766445314164
0.29533203125,-0.0765122751338
0.295575683594,-0.0763722585643
0.295819335937,-0.0762346880583
0.296062988281,-0.0760781107038
0.296306640625,-0.0759169550515
0.296550292969,-0.075755152415
0.296793945312,-0.0755621118572
0.297037597656,-0.0754009507472
0.29728125,-0.0752627946003
0.297524902344,-0.0751000885879
0.297768554688,-0.0749508572338
0.298012207031,-0.0748002009201
0.298255859375,-0.0746420925703
0.298499511719,-0.0744976905339
0.298743164063,-0.0743304705452
0.298986816406,-0.0741804577522
0.29923046875,-0.0740131578426
0.299474121094,-0.0738516217814
0.299717773438,-0.0737283294455
0.299961425781,-0.0735739093355
0.300205078125,-0.0734267415576
0.300448730469,-0.0732894422891
0.300692382812,-0.0731435108149
0.300936035156,-0.0729989632643
0.3011796875,-0.0728613018913
0.301423339844,-0.072741427436
0.301666992187,-0.0725966165774
0.301910644531,-0.0724625612065
0.302154296875,-0.0722880558194
0.302397949219,-0.0721363613261
0.302641601562,-0.0719773983844
0.302885253906,-0.0718286330967
0.30312890625,-0.0717232216535
0.303372558594,-0.0715740523731
0.303616210938,-0.0714123423137
0.303859863281,-0.0712684064107
0.304103515625,-0.071125560435
0.304347167969,-0.0709727146444
0.304590820313,-0.070798403303
0.304834472656,-0.070648349438
0.305078125,-0.0705104500976
0.305321777344,-0.070378867391
0.305565429688,-0.0702387228506
0.305809082031,-0.070087221627
0.306052734375,-0.0699286387828
0.306296386719,-0.0697660583846
0.306540039062,-0.0696080526466
0.306783691406,-0.0694640691493
0.30702734375,-0.0692980445295
0.307270996094,-0.0691724554076
0.307514648437,-0.069019877121
0.307758300781,-0.0688916944761
0.308001953125,-0.0687381423499
0.308245605469,-0.0686022639221
0.308489257812,-0.0684417399291
0.308732910156,-0.0682894257562
0.3089765625,-0.0681463958112
0.309220214844,-0.0680039730273
0.309463867188,-0.067889297626
0.309707519531,-0.0677382200551
0.309951171875,-0.0675909856604
0.310194824219,-0.0674628943036
0.310438476563,-0.067330411962
0.310682128906,-0.0671937843058
0.31092578125,-0.0670508294576
0.311169433594,-0.0669147249363
0.311413085938,-0.0667522651882
0.311656738281,-0.0665885990084
0.311900390625,-0.0664332670855
0.312144042969,-0.0662971210552
0.312387695312,-0.0661512628722
0.312631347656,-0.0660074074428
0.312875,-0.0658698293973
0.313118652344,-0.0657200341892
0.313362304687,-0.065596124565
0.313605957031,-0.0654439887669
0.313849609375,-0.0652807814102
0.314093261719,-0.0651371591703
0.314336914063,-0.0650332677842
0.314580566406,-0.0649013212164
0.31482421875,-0.0647534643269
0.315067871094,-0.0646261597647
0.315311523438,-0.0644662767287
0.315555175781,-0.0643495959255
0.315798828125,-0.0642412024056
0.316042480469,-0.0640991745003
0.316286132813,-0.0639793745364
0.316529785156,-0.063846649832
0.3167734375,-0.0637060661629
0.317017089844,-0.0635899504004
0.317260742188,-0.0634437601361
0.317504394531,-0.0633261069901
0.317748046875,-0.0631804176554
0.317991699219,-0.0630156282036
0.318235351562,-0.0628658309273
0.318479003906,-0.062725736812
0.31872265625,-0.0625562145531
0.318966308594,-0.0624106932536
0.319209960937,-0.0622737281332
0.319453613281,-0.0621012584094
0.319697265625,-0.0619777050316
0.319940917969,-0.0618527754572
0.320184570313,-0.0617371450644
0.320428222656,-0.0615666044694
0.320671875,-0.0614220270775
0.320915527344,-0.0612735817797
0.321159179688,-0.0611169611538
0.321402832031,-0.0609750260014
0.321646484375,-0.0608531029166
0.321890136719,-0.0607462302892
0.322133789063,-0.0606017407735
0.322377441406,-0.0604574867745
0.32262109375,-0.0603157121233
0.322864746094,-0.0601801912743
0.323108398437,-0.0600069285714
0.323352050781,-0.0598589017394
0.323595703125,-0.0597093732368
0.323839355469,-0.0595430455421
0.324083007812,-0.0593971041926
0.324326660156,-0.059224286031
0.3245703125,-0.0590795687597
0.324813964844,-0.0589052638218
0.325057617187,-0.0587825156755
0.325301269531,-0.0586358789675
0.325544921875,-0.058514505253
0.325788574219,-0.0583889290747
0.326032226563,-0.0582807426257
0.326275878906,-0.058111156391
0.32651953125,-0.0579679389826
0.326763183594,-0.0578231886985
0.327006835938,-0.0576708004554
0.327250488281,-0.0575340293863
0.327494140625,-0.0573886110351
0.327737792969,-0.0572290569245
0.327981445313,-0.0570723484144
0.328225097656,-0.0569244351783
0.32846875,-0.0567917512387
0.328712402344,-0.0566560211507
0.328956054687,-0.0565042625497
0.329199707031,-0.0563949020125
0.329443359375,-0.0562652399693
0.329687011719,-0.0561328354489
0.329930664062,-0.0559732749733
0.330174316406,-0.0558140764645
0.33041796875,-0.0556683350015
0.330661621094,-0.0554946809286
0.330905273437,-0.0553486027997
0.331148925781,-0.0552233263064
0.331392578125,-0.0550906599037
0.331636230469,-0.0549654258798
0.331879882813,-0.0548526848536
0.332123535156,-0.0547367662341
0.3323671875,-0.054621086342
0.332610839844,-0.0545031642237
0.332854492188,-0.0543948907425
0.333098144531,-0.0542449394521
0.333341796875,-0.0540931587692
0.333585449219,-0.053944997544
0.333829101563,-0.0538131015601
0.334072753906,-0.0536826309255
0.33431640625,-0.0535607006206
0.334560058594,-0.0534337857141
0.334803710937,-0.0533120709785
0.335047363281,-0.0531882019937
0.335291015625,-0.0530656993381
0.335534667969,-0.052911538248
0.335778320312,-0.0527871169512
0.336021972656,-0.0526915831582
0.336265625,-0.0525532210758
0.336509277344,-0.0524233033061
0.336752929687,-0.0522748081333
0.336996582031,-0.0521309266084
0.337240234375,-0.0519857120073
0.337483886719,-0.0518826969926
0.337727539063,-0.0517607085995
0.337971191406,-0.0516247040297
0.33821484375,-0.0515100464648
0.338458496094,-0.0513828630169
0.338702148438,-0.0512459065364
0.338945800781,-0.0510873352999
0.339189453125,-0.0509213620207
0.339433105469,-0.0507794795923
0.339676757813,-0.0506570617604
0.339920410156,-0.0505089651723
0.3401640625,-0.0503904106779
0.340407714844,-0.0502416404596
0.340651367187,-0.0500946081047
0.340895019531,-0.0499416732991
0.341138671875,-0.049803261156
0.341382324219,-0.0496466453762
0.341625976562,-0.0495085337959
0.341869628906,-0.0493789750104
0.34211328125,-0.0492533906046
0.342356933594,-0.0490991141593
0.342600585937,-0.0489661726789
0.342844238281,-0.0488091886282
0.343087890625,-0.048693645004
0.343331542969,-0.0485388187131
0.343575195313,-0.0484128553106
0.343818847656,-0.0482802384975
0.3440625,-0.048137772991
0.344306152344,-0.047976927773
0.344549804688,-0.0478475933061
0.344793457031,-0.0476800878905
0.345037109375,-0.0475596488628
0.345280761719,-0.0474311151587
0.345524414063,-0.0473138328422
0.345768066406,-0.0471899706373
0.34601171875,-0.0470632541632
0.346255371094,-0.0469331565933
0.346499023437,-0.0467763437914
0.346742675781,-0.0466543880091
0.346986328125,-0.0465257205992
0.347229980469,-0.0463795526479
0.347473632812,-0.0462287527886
0.347717285156,-0.0460755743408
0.3479609375,-0.0459590548457
0.348204589844,-0.045846495893
0.348448242187,-0.0456912142857
0.348691894531,-0.0455573466066
0.348935546875,-0.0454143901519
0.349179199219,-0.0452888852953
0.349422851563,-0.0451601054154
0.349666503906,-0.0450169035944
0.34991015625,-0.0448504383215
0.350153808594,-0.0447147527595
0.350397460938,-0.0446129923147
0.350641113281,-0.0444727910256
0.350884765625,-0.0443360874421
0.351128417969,-0.044202088185
0.351372070313,-0.0440828968552
0.351615722656,-0.0439494846791
0.351859375,-0.0437943246566
0.352103027344,-0.0436616060926
0.352346679687,-0.0435011036961
0.352590332031,-0.0433808489594
0.352833984375,-0.0432504508211
0.353077636719,-0.0431343852064
0.353321289062,-0.0430015331913
0.353564941406,-0.0428731362452
0.35380859375,-0.0427665941161
0.354052246094,-0.0426326015326
0.354295898437,-0.0425127451722
0.354539550781,-0.0423642302329
0.354783203125,-0.042227086483
0.355026855469,-0.0420639294338
0.355270507813,-0.0419332080836
0.355514160156,-0.0418146263333
0.3557578125,-0.041673949585
0.356001464844,-0.0415399255909
0.356245117188,-0.0414232688293
0.356488769531,-0.0412790148251
0.356732421875,-0.0411577804985
0.356976074219,-0.0410529742029
0.357219726563,-0.0409515954575
0.357463378906,-0.040823327031
0.35770703125,-0.0406961121992
0.357950683594,-0.0405820675685
0.358194335937,-0.0404554429246
0.358437988281,-0.0403102620268
0.358681640625,-0.0401915928386
0.358925292969,-0.0400847785723
0.359168945312,-0.039931512541
0.359412597656,-0.0397964672503
0.35965625,-0.0396382692744
0.359899902344,-0.0395195555995
0.360143554687,-0.0393484234053
0.360387207031,-0.0392211206903
0.360630859375,-0.0390840297308
0.360874511719,-0.0389454792662
0.361118164063,-0.0387956650458
0.361361816406,-0.0386491970683
0.36160546875,-0.0384734560714
0.361849121094,-0.0383579294645
0.362092773438,-0.0382265415866
0.362336425781,-0.0381044315867
0.362580078125,-0.0379767409998
0.362823730469,-0.0378448243347
0.363067382813,-0.0377286693255
0.363311035156,-0.0375984079324
0.3635546875,-0.0374608666963
0.363798339844,-0.0373390244387
0.364041992187,-0.0372157450172
0.364285644531,-0.0370816999081
0.364529296875,-0.0369613348954
0.364772949219,-0.0368348514306
0.365016601562,-0.0366939888686
0.365260253906,-0.0365677113505
0.36550390625,-0.0364539208749
0.365747558594,-0.0363268867359
0.365991210937,-0.0361997520324
0.366234863281,-0.036066132617
0.366478515625,-0.0359513899412
0.366722167969,-0.035823892139
0.366965820313,-0.0357047698151
0.367209472656,-0.0355590181518
0.367453125,-0.0354353538665
0.367696777344,-0.0353248596291
0.367940429688,-0.0351776498274
0.368184082031,-0.035058515921
0.368427734375,-0.0349266109517
0.368671386719,-0.0348231633535
0.368915039063,-0.0346901224699
0.369158691406,-0.034564925092
0.36940234375,-0.0344524760792
0.369645996094,-0.0342882536843
0.369889648437,-0.0341771527936
0.370133300781,-0.0340523059195
0.370376953125,-0.0339188179227
0.370620605469,-0.0337693686735
0.370864257812,-0.0336630567802
0.371107910156,-0.0335512832212
0.3713515625,-0.0334059856327
0.371595214844,-0.0332574081615
0.371838867187,-0.0331163712292
0.372082519531,-0.0330006025167
0.372326171875,-0.0328840733546
0.372569824219,-0.0327452787451
0.372813476563,-0.0325606007885
0.373057128906,-0.032448863283
0.37330078125,-0.0323281498318
0.373544433594,-0.0321672624188
0.373788085938,-0.03204941743
0.374031738281,-0.0319215512269
0.374275390625,-0.03179120301
0.374519042969,-0.0316644758305
0.374762695313,-0.0315416176255
0.375006347656,-0.031358157576
0.37525,-0.0312488618481
0.375493652344,-0.0311104983319
0.375737304687,-0.031010666392
0.375980957031,-0.0309054714062
0.376224609375,-0.0307732471765
0.376468261719,-0.030646163262
0.376711914062,-0.0305115931047
0.376955566406,-0.030366387418
0.37719921875,-0.0302225484128
0.377442871094,-0.0301023640332
0.377686523437,-0.0300029149877
0.377930175781,-0.0298374366979
0.378173828125,-0.0297053238438
0.378417480469,-0.0295710446768
0.378661132813,-0.029399398934
0.378904785156,-0.0293028638376
0.3791484375,-0.0291787973886
0.379392089844,-0.0290198316637
0.379635742188,-0.0288956191893
0.379879394531,-0.0287648318114
0.380123046875,-0.0286167118613
0.380366699219,-0.0284794219201
0.380610351563,-0.0283519527644
0.380854003906,-0.0282289826981
0.38109765625,-0.0280964530572
0.381341308594,-0.0279524927762
0.381584960937,-0.0278263166454
0.381828613281,-0.0276678251837
0.382072265625,-0.0275552750851
0.382315917969,-0.0274123162643
0.382559570312,-0.0273043661516
0.382803222656,-0.0272011662892
0.383046875,-0.0270662862973
0.383290527344,-0.0269370599555
0.383534179687,-0.0268186355797
0.383777832031,-0.0266984886916
0.384021484375,-0.0265724562207
0.384265136719,-0.0264442787675
0.384508789063,-0.0263370148578
0.384752441406,-0.0262151523305
0.38499609375,-0.0261093126245
0.385239746094,-0.0259772606719
0.385483398438,-0.0258174846335
0.385727050781,-0.0256916665712
0.385970703125,-0.0255619054542
0.386214355469,-0.0254380361837
0.386458007813,-0.0252972137182
0.386701660156,-0.0251722611772
0.3869453125,-0.0250371221048
0.387188964844,-0.0249087600807
0.387432617187,-0.0247900653426
0.387676269531,-0.0246637930181
0.387919921875,-0.0245314789769
0.388163574219,-0.0243948405509
0.388407226562,-0.024274868875
0.388650878906,-0.0241477454343
0.38889453125,-0.024009897205
0.389138183594,-0.0238674136436
0.389381835937,-0.023741333965
0.389625488281,-0.0236154463786
0.389869140625,-0.0234508216631
0.390112792969,-0.0233161663094
0.390356445313,-0.0231924298383
0.390600097656,-0.0230467421732
0.39084375,-0.0229121663726
0.391087402344,-0.0227935478845
0.391331054688,-0.0227033374838
0.391574707031,-0.0225872481597
0.391818359375,-0.022436987572
0.392062011719,-0.0223151519825
0.392305664063,-0.0221885526987
0.392549316406,-0.0220705418402
0.39279296875,-0.0219831465736
0.393036621094,-0.0218317163816
0.393280273437,-0.0217028682587
0.393523925781,-0.0215958327068
0.393767578125,-0.0214817245096
0.394011230469,-0.0213689008512
0.394254882812,-0.0212515134409
0.394498535156,-0.0210983517425
0.3947421875,-0.0209756648953
0.394985839844,-0.0208448397685
0.395229492187,-0.0207377729541
0.395473144531,-0.0206246419017
0.395716796875,-0.0204975319941
0.395960449219,-0.020365695896
0.396204101563,-0.0202398153097
0.396447753906,-0.0201064737487
0.39669140625,-0.0199768746064
0.396935058594,-0.019839412678
0.397178710938,-0.0197195821721
0.397422363281,-0.0196038951597
0.397666015625,-0.0194763733053
0.397909667969,-0.0193274190019
0.398153320313,-0.0192100500656
0.398396972656,-0.0190929299143
0.398640625,-0.0189830504737
0.398884277344,-0.0188677284244
0.399127929687,-0.0187100357142
0.399371582031,-0.0185632365645
0.399615234375,-0.0184401995019
0.399858886719,-0.018342729227
0.400102539062,-0.0181964234486
0.400346191406,-0.0180512052555
0.40058984375,-0.0179067049698
0.400833496094,-0.0178197534329
0.401077148437,-0.0177029713983
0.401320800781,-0.0175780469947
0.401564453125,-0.0174365093752
0.401808105469,-0.0173127159056
0.402051757813,-0.0172083747914
0.402295410156,-0.017061943943
0.4025390625,-0.0169386089772
0.402782714844,-0.0168202563664
0.403026367188,-0.016699224249
0.403270019531,-0.0165656414699
0.403513671875,-0.0164482653306
0.403757324219,-0.0163196979577
0.404000976563,-0.016204440417
0.404244628906,-0.0160714686156
0.40448828125,-0.0159202814852
0.404731933594,-0.0157955189751
0.404975585937,-0.0156663021326
0.405219238281,-0.0155574703097
0.405462890625,-0.0154450384482
0.405706542969,-0.0153241729164
0.405950195312,-0.0152083413465
0.406193847656,-0.0150894113917
0.4064375,-0.0149300890468
0.406681152344,-0.0148020849336
0.406924804687,-0.0146709938453
0.407168457031,-0.0145571693063
0.407412109375,-0.0144422942137
0.407655761719,-0.0143047788329
0.407899414063,-0.0142049494171
0.408143066406,-0.0140915770862
0.40838671875,-0.0139628111835
0.408630371094,-0.0138314005976
0.408874023438,-0.0137267303483
0.409117675781,-0.013605810792
0.409361328125,-0.013486040786
0.409604980469,-0.0133775804134
0.409848632813,-0.0132648157164
0.410092285156,-0.0131395816555
0.4103359375,-0.0130471780471
0.410579589844,-0.0129080039721
0.410823242187,-0.0127870870774
0.411066894531,-0.0126766549096
0.411310546875,-0.0125551297023
0.411554199219,-0.0124707305487
0.411797851562,-0.0123431131553
0.412041503906,-0.0122241928572
0.41228515625,-0.0121028098904
0.412528808594,-0.0119630274982
0.412772460937,-0.0118299178959
0.413016113281,-0.0117149530526
0.413259765625,-0.0115859478579
0.413503417969,-0.0114510852896
0.413747070313,-0.011331056618
0.413990722656,-0.0112277741617
0.414234375,-0.0110961501238
0.414478027344,-0.0109676082632
0.414721679688,-0.0108407611126
0.414965332031,-0.0107082994248
0.415208984375,-0.0106018054443
0.415452636719,-0.0105116155486
0.415696289063,-0.0103982919237
0.415939941406,-0.0102772731005
0.41618359375,-0.0101681106868
0.416427246094,-0.0100386823614
0.416670898437,-0.00988361279029
0.416914550781,-0.009761976469
0.417158203125,-0.00964167050636
0.417401855469,-0.00951655425589
0.417645507812,-0.00937335239371
0.417889160156,-0.0092655091866
0.4181328125,-0.00913067768969
0.418376464844,-0.00902185467592
0.418620117187,-0.00891765655223
0.418863769531,-0.00882013657891
0.419107421875,-0.00871597005117
0.419351074219,-0.00858181726473
0.419594726563,-0.00843632148643
0.419838378906,-0.00831873975539
0.42008203125,-0.00820403441531
0.420325683594,-0.0080924898302
0.420569335938,-0.00798220143886
0.420812988281,-0.00787634731439
0.421056640625,-0.00775465824823
0.421300292969,-0.00761486917295
0.421543945313,-0.007471263336
0.421787597656,-0.00734819883549
0.42203125,-0.007216941568
0.422274902344,-0.00709176150003
0.422518554687,-0.00695087075587
0.422762207031,-0.00682327774899
0.423005859375,-0.00671918421454
0.423249511719,-0.00660622838127
0.423493164062,-0.00649325591298
0.423736816406,-0.00637218184134
0.42398046875,-0.00624561726263
0.424224121094,-0.00612351477869
0.424467773437,-0.00601932532983
0.424711425781,-0.00592285250045
0.424955078125,-0.00581523458175
0.425198730469,-0.00569486947826
0.425442382813,-0.0055702013808
0.425686035156,-0.00547610150796
0.4259296875,-0.0053499055083
0.426173339844,-0.00525033114016
0.426416992188,-0.005132439773
0.426660644531,-0.00503979999306
0.426904296875,-0.00492467355589
0.427147949219,-0.00481522790851
0.427391601563,-0.00471281293896
0.427635253906,-0.00460191370193
0.42787890625,-0.00446507314384
0.428122558594,-0.00435368675893
0.428366210937,-0.00423645023006
0.428609863281,-0.00410993449567
0.428853515625,-0.00399952967127
0.429097167969,-0.00388970556524
0.429340820312,-0.00377000692092
0.429584472656,-0.00366468566359
0.429828125,-0.00351613189724
0.430071777344,-0.00340121316735
0.430315429687,-0.00325775809891
0.430559082031,-0.00315214714773
0.430802734375,-0.00305036049016
0.431046386719,-0.00293542950267
0.431290039063,-0.00282961638254
0.431533691406,-0.00271997487304
0.43177734375,-0.00259335409308
0.432020996094,-0.00246764753868
0.432264648438,-0.00235990834764
0.432508300781,-0.00224381318189
0.432751953125,-0.00212830593595
0.432995605469,-0.00202209286666
0.433239257813,-0.00191910442951
0.433482910156,-0.00182873978601
0.4337265625,-0.00171063285037
0.433970214844,-0.00159187033982
0.434213867187,-0.00149434100405
0.434457519531,-0.00139089417547
0.434701171875,-0.00127846123293
0.434944824219,-0.00117388845668
0.435188476562,-0.00103370745339
0.435432128906,-0.000915025879237
0.43567578125,-0.000792113658072
0.435919433594,-0.000660031283314
0.436163085937,-0.000552976150548
0.436406738281,-0.000425125470207
0.436650390625,-0.00032727828355
0.436894042969,-0.000197542011962
0.437137695313,-7.38667963513e-05
0.437381347656,0
0.437625,0
0.437868652344,0
0.438112304688,0
0.438355957031,0
0.438599609375,0
0.438843261719,0
0.439086914062,0
0.439330566406,0
0.43957421875,0
0.439817871094,0
0.440061523437,0
0.440305175781,0
0.440548828125,0
0.440792480469,0
0.441036132812,0
0.441279785156,0
0.4415234375,0
0.441767089844,0
0.442010742188,0
0.442254394531,0
0.442498046875,0
0.442741699219,0
0.442985351563,0
0.443229003906,0
0.44347265625,0
0.443716308594,0
0.443959960938,0
0.444203613281,0
0.444447265625,0
0.444690917969,1.47898745334e-13
0.444934570312,0.000107348025365
0.445178222656,0.000226282428007
0.445421875,0.000322552094356
0.445665527344,0.000439470128384
0.445909179687,0.000553887569545
0.446152832031,0.000676666631329
0.446396484375,0.000777067866968
0.446640136719,0.000902249556765
0.446883789062,0.00103415927166
0.447127441406,0.00115043718623
0.44737109375,0.00127375919081
0.447614746094,0.00143176447628
0.447858398438,0.00155262542758
0.448102050781,0.00167546518383
0.448345703125,0.0017759112297
0.448589355469,0.00187784397804
0.448833007813,0.00198250000003
0.449076660156,0.00207414350287
0.4493203125,0.00218989364351
0.449563964844,0.00232137470323
0.449807617188,0.00243609538213
0.450051269531,0.00256601841639
0.450294921875,0.00267687496743
0.450538574219,0.00279223162584
0.450782226562,0.00293561260813
0.451025878906,0.00303782159547
0.45126953125,0.00312429951527
0.451513183594,0.00324950076401
0.451756835937,0.00333384212552
0.452000488281,0.00345564109007
0.452244140625,0.00358807745359
0.452487792969,0.00368881918762
0.452731445312,0.00378162850395
0.452975097656,0.00390699587849
0.45321875,0.00401850066753
0.453462402344,0.00415975122753
0.453706054688,0.0043060290537
0.453949707031,0.00439099843139
0.454193359375,0.00450567100702
0.454437011719,0.00462587817006
0.454680664063,0.00473195204104
0.454924316406,0.00481999856767
0.45516796875,0.00492064743773
0.455411621094,0.0050113968927
0.455655273438,0.00512146467894
0.455898925781,0.00524502314665
0.456142578125,0.00537217271949
0.456386230469,0.00548938722626
0.456629882812,0.00563214876158
0.456873535156,0.00574335367341
0.4571171875,0.00585426336647
0.457360839844,0.00599399149612
0.457604492187,0.00611244895265
0.457848144531,0.00622785352078
0.458091796875,0.00635059355056
0.458335449219,0.0064935609187
0.458579101562,0.00659283706416
0.458822753906,0.0067060335284
0.45906640625,0.00680372313708
0.459310058594,0.00693003349357
0.459553710938,0.00704421556201
0.459797363281,0.00715590995945
0.460041015625,0.00728017712148
0.460284667969,0.00736829575976
0.460528320313,0.00746815047843
0.460771972656,0.00760951452316
0.461015625,0.00770412968202
0.461259277344,0.00782547559413
0.461502929688,0.0079606755131
0.461746582031,0.00807443132783
0.461990234375,0.00821954847606
0.462233886719,0.00835245505719
0.462477539062,0.00846090679066
0.462721191406,0.00856310512766
0.46296484375,0.00867262388049
0.463208496094,0.00877833244353
0.463452148437,0.00891512654432
0.463695800781,0.00903371578312
0.463939453125,0.0091429898535
0.464183105469,0.00925605790559
0.464426757812,0.00937283823022
0.464670410156,0.00948605478668
0.4649140625,0.00960979779393
0.465157714844,0.00972790261533
0.465401367188,0.00982303196784
0.465645019531,0.00993242416634
0.465888671875,0.0100622901877
0.466132324219,0.0101832365238
0.466375976563,0.0102967849922
0.466619628906,0.010431948261
0.46686328125,0.0105423968898
0.467106933594,0.010663079498
0.467350585938,0.0107677738374
0.467594238281,0.0108700083934
0.467837890625,0.0109864096692
0.468081542969,0.0111087398037
0.468325195312,0.0111953516543
0.468568847656,0.0113063785784
0.4688125,0.0114071862792
0.469056152344,0.0115115631532
0.469299804687,0.0116330415428
0.469543457031,0.0117589015438
0.469787109375,0.0118693299522
0.470030761719,0.0119833641343
0.470274414062,0.0121020914941
0.470518066406,0.0122178603312
0.47076171875,0.0123022724318
0.471005371094,0.0124202111178
0.471249023438,0.0125518115694
0.471492675781,0.0126391069188
0.471736328125,0.0127651395842
0.471979980469,0.0128690444697
0.472223632813,0.0129904873489
0.472467285156,0.0131125810728
0.4727109375,0.0132276581534
0.472954589844,0.0133701051423
0.473198242188,0.013502178436
0.473441894531,0.0136272940689
0.473685546875,0.0137516342653
0.473929199219,0.0138564185158
0.474172851562,0.0139671788292
0.474416503906,0.0140814937825
0.47466015625,0.0141825850868
0.474903808594,0.0143052883054
0.475147460937,0.0144227763004
0.475391113281,0.0145425523678
0.475634765625,0.0146576096506
0.475878417969,0.0147532701743
0.476122070312,0.0148825269451
0.476365722656,0.0149948715827
0.476609375,0.0151208623488
0.476853027344,0.0152415371037
0.477096679688,0.015351808694
0.477340332031,0.0154568413117
0.477583984375,0.015580542046
0.477827636719,0.0156997523551
0.478071289063,0.0158366747863
0.478314941406,0.0159434680993
0.47855859375,0.0160653481727
0.478802246094,0.0161520164546
0.479045898438,0.0162916256866
0.479289550781,0.0163881760616
0.479533203125,0.0164941189485
0.479776855469,0.0166130412047
0.480020507812,0.0167459814431
0.480264160156,0.0168395375825
0.4805078125,0.0169655784334
0.480751464844,0.0171025451954
0.480995117187,0.0172522240989
0.481238769531,0.0173553313028
0.481482421875,0.0174891036287
0.481726074219,0.0175950281849
0.481969726562,0.0177195139976
0.482213378906,0.0178372445017
0.48245703125,0.0179545762355
0.482700683594,0.0180440441054
0.482944335938,0.0181604767555
0.483187988281,0.018281363148
0.483431640625,0.0184023737165
0.483675292969,0.0185258965791
0.483918945313,0.0186304570965
0.484162597656,0.0187498478369
0.48440625,0.0188484207568
0.484649902344,0.0189654339762
0.484893554688,0.0190908359548
0.485137207031,0.0192065374276
0.485380859375,0.0193143133012
0.485624511719,0.0194211704471
0.485868164062,0.0195095596486
0.486111816406,0.0196345419991
0.48635546875,0.0197410501764
0.486599121094,0.0198616063687
0.486842773437,0.0199669764651
0.487086425781,0.0200970356511
0.487330078125,0.0202088472197
0.487573730469,0.0203367029711
0.487817382812,0.0204436679514
0.488061035156,0.0205573689789
0.4883046875,0.0206796340656
0.488548339844,0.0208018729415
0.488791992188,0.0209055127721
0.489035644531,0.0210268456368
0.489279296875,0.021129164038
0.489522949219,0.0212441564839
0.489766601563,0.0213640200329
0.490010253906,0.0214766217822
0.49025390625,0.0216044657332
0.490497558594,0.0217117020075
0.490741210938,0.0218194705787
0.490984863281,0.0219213359987
0.491228515625,0.0220421099574
0.491472167969,0.0221409910038
0.491715820312,0.0222744353857
0.491959472656,0.0224156907172
0.492203125,0.0225211872083
0.492446777344,0.0226505907414
0.492690429687,0.0227494834549
0.492934082031,0.0228973492895
0.493177734375,0.0230023866835
0.493421386719,0.0231201074422
0.493665039062,0.0232338958296
0.493908691406,0.0233398140926
0.49415234375,0.0234606503622
0.494395996094,0.023575965938
0.494639648438,0.0237029427566
0.494883300781,0.0238127650347
0.495126953125,0.023940938185
0.495370605469,0.0240645308026
0.495614257813,0.0241523497214
0.495857910156,0.0242672556288
0.4961015625,0.024383350305
0.496345214844,0.0244923659845
0.496588867188,0.0246159660073
0.496832519531,0.0247219046874
0.497076171875,0.0248456239458
0.497319824219,0.0249677624943
0.497563476562,0.0250928278764
0.497807128906,0.0252136542391
0.49805078125,0.0253103914516
0.498294433594,0.025419288432
0.498538085937,0.0255389622353
0.498781738281,0.0256367442858
0.499025390625,0.0257720161776
0.499269042969,0.0258717417066
0.499512695312,0.0259759922047
0.499756347656,0.0260981172047
0.5,0.0261904642858
0.500243652344,0.0263281805251
0.500487304688,0.0264456279307
0.500730957031,0.0265735259847
0.500974609375,0.0266879032511
0.501218261719,0.0267811948651
0.501461914062,0.0269073208225
0.501705566406,0.0270130737531
0.50194921875,0.0271318809385
0.502192871094,0.0272394167415
0.502436523438,0.0273446753864
0.502680175781,0.0274418767878
0.502923828125,0.027552339402
0.503167480469,0.0276567672124
0.503411132813,0.0277510039849
0.503654785156,0.0278865345186
0.5038984375,0.0280005097685
0.504142089844,0.0281038922318
0.504385742187,0.0282475663479
0.504629394531,0.0283721925957
0.504873046875,0.0284744367764
0.505116699219,0.0286023421084
0.505360351563,0.028716664309
0.505604003906,0.0288413353978
0.50584765625,0.0289427398386
0.506091308594,0.0290528710428
0.506334960937,0.0291656026295
0.506578613281,0.0292669536761
0.506822265625,0.0293759779616
0.507065917969,0.0294745357143
0.507309570313,0.0295964352129
0.507553222656,0.0297015489196
0.507796875,0.0298158766798
0.508040527344,0.0299391699623
0.508284179687,0.0300986256419
0.508527832031,0.030203092742
0.508771484375,0.0303135640816
0.509015136719,0.0304360251433
0.509258789062,0.0305232892287
0.509502441406,0.0306322461314
0.50974609375,0.0307507306181
0.509989746094,0.0308758904798
0.510233398438,0.0309877847926
0.510477050781,0.0311039802637
0.510720703125,0.0312276900523
0.510964355469,0.0313371244023
0.511208007812,0.031439299268
0.511451660156,0.0315281289738
0.5116953125,0.0316406663015
0.511938964844,0.0317392028733
0.512182617188,0.0318420033788
0.512426269531,0.0319631766952
0.512669921875,0.03208322163
0.512913574219,0.0322047421631
0.513157226562,0.0323167445455
0.513400878906,0.0324224288812
0.51364453125,0.0325578159191
0.513888183594,0.0326683697942
0.514131835938,0.0327909753184
0.514375488281,0.0329126954763
0.514619140625,0.0330556122981
0.514862792969,0.0331618966648
0.515106445313,0.033260460024
0.515350097656,0.0333865357144
0.51559375,0.0334919783071
0.515837402344,0.0335948950984
0.516081054687,0.0337146294658
0.516324707031,0.0338159188276
0.516568359375,0.0339275764975
0.516812011719,0.0340330557381
0.517055664063,0.0341458547708
0.517299316406,0.0342539304947
0.51754296875,0.0343649833878
0.517786621094,0.0344985122397
0.518030273437,0.0346241254289
0.518273925781,0.0347524967203
0.518517578125,0.0348702903156
0.518761230469,0.0350118520704
0.519004882813,0.0351221553597
0.519248535156,0.0352282142858
0.5194921875,0.0353417567188
0.519735839844,0.0354735499097
0.519979492187,0.0355815013998
0.520223144531,0.0356913627984
0.520466796875,0.0357878933039
0.520710449219,0.0358948057932
0.520954101562,0.0360096933567
0.521197753906,0.0361344166989
0.52144140625,0.0362689301201
0.521685058594,0.036391320402
0.521928710938,0.0364885101362
0.522172363281,0.0365914815533
0.522416015625,0.0366939225467
0.522659667969,0.0368246753751
0.522903320312,0.0369402380798
0.523146972656,0.0370328109678
0.523390625,0.0371777750286
0.523634277344,0.0372916211977
0.523877929688,0.0374085418404
0.524121582031,0.0375153398085
0.524365234375,0.0376246062763
0.524608886719,0.0377184927743
0.524852539062,0.0378274784068
0.525096191406,0.0379234037544
0.52533984375,0.0380288823443
0.525583496094,0.0381123899259
0.525827148438,0.0382375030825
0.526070800781,0.0383627601781
0.526314453125,0.0384628590102
0.526558105469,0.0385804780858
0.526801757813,0.0386912883469
0.527045410156,0.0388284340008
0.5272890625,0.0389476960355
0.527532714844,0.0390723557885
0.527776367187,0.039196447483
0.528020019531,0.0392985586171
0.528263671875,0.039395015707
0.528507324219,0.0395165607192
0.528750976563,0.0396263930235
0.528994628906,0.0397322243661
0.52923828125,0.0398396614112
0.529481933594,0.0399520586759
0.529725585937,0.0400544109049
0.529969238281,0.040154022381
0.530212890625,0.0402758626049
0.530456542969,0.0404249922813
0.530700195313,0.0405153894679
0.530943847656,0.0406444976473
0.5311875,0.0407590725604
0.531431152344,0.0408630652846
0.531674804687,0.0409983782476
0.531918457031,0.0411427959108
0.532162109375,0.0412734291579
0.532405761719,0.0414131744035
0.532649414062,0.0415522708264
0.532893066406,0.0416856427819
0.53313671875,0.0417945141702
0.533380371094,0.0419123033689
0.533624023438,0.0420184502376
0.533867675781,0.0421284252002
0.534111328125,0.0422360924366
0.534354980469,0.0423489540408
0.534598632812,0.0424708496272
0.534842285156,0.0425713576463
0.5350859375,0.0427116950587
0.535329589844,0.0428300130891
0.535573242188,0.0429449058629
0.535816894531,0.0430762683782
0.536060546875,0.0431800615738
0.536304199219,0.0433015161535
0.536547851562,0.0434304311847
0.536791503906,0.0435579306495
0.53703515625,0.0436685430943
0.537278808594,0.043800218071
0.537522460938,0.0439357528455
0.537766113281,0.0440710674521
0.538009765625,0.0441777494341
0.538253417969,0.0443169954062
0.538497070313,0.0444691558702
0.538740722656,0.0445743869455
0.538984375,0.0446867196346
0.539228027344,0.0447934076475
0.539471679687,0.0449304110865
0.539715332031,0.0450337042405
0.539958984375,0.0451365308658
0.540202636719,0.0452669377614
0.540446289063,0.0453830304995
0.540689941406,0.0454727890045
0.54093359375,0.0456064958721
0.541177246094,0.045721242711
0.541420898437,0.0458383921972
0.541664550781,0.0459376785715
0.541908203125,0.0460566738005
0.542151855469,0.046170340057
0.542395507813,0.0462862696338
0.542639160156,0.0463916888044
0.5428828125,0.0464914538503
0.543126464844,0.0466125156563
0.543370117187,0.0467043495157
0.543613769531,0.0468227997288
0.543857421875,0.046914247957
0.544101074219,0.0470322660941
0.544344726562,0.0471291248035
0.544588378906,0.0472562025213
0.54483203125,0.0473708110705
0.545075683594,0.047475277144
0.545319335938,0.0475833065421
0.545562988281,0.04770367235
0.545806640625,0.0478244444183
0.546050292969,0.0479450031375
0.546293945312,0.0480394405853
0.546537597656,0.0481571065279
0.54678125,0.0482774079745
0.547024902344,0.0483692723647
0.547268554688,0.0484860391319
0.547512207031,0.0485753787274
0.547755859375,0.0487051725466
0.547999511719,0.048815532734
0.548243164062,0.0489107503485
0.548486816406,0.0490537140312
0.54873046875,0.0491521655449
0.548974121094,0.0492781003267
0.549217773438,0.0493789428027
0.549461425781,0.0494884226821
0.549705078125,0.0495880291475
0.549948730469,0.0496856084958
0.550192382813,0.0497981032563
0.550436035156,0.0499057886032
0.5506796875,0.0500246412847
0.550923339844,0.0501463739867
0.551166992187,0.0502720494035
0.551410644531,0.0504039651173
0.551654296875,0.0505089838106
0.551897949219,0.0506240228783
0.552141601563,0.0507159256453
0.552385253906,0.050825572175
0.55262890625,0.0509289881945
0.552872558594,0.0510597512597
0.553116210937,0.0511839663958
0.553359863281,0.0513134291506
0.553603515625,0.0514322169184
0.553847167969,0.0515766661204
0.554090820313,0.0516964868777
0.554334472656,0.0518241356499
0.554578125,0.0519460680927
0.554821777344,0.0520378949952
0.555065429687,0.0521813171355
0.555309082031,0.0523020918253
0.555552734375,0.0524222447615
0.555796386719,0.052523289378
0.556040039062,0.0526456012565
0.556283691406,0.0527699322242
0.55652734375,0.0528905416052
0.556770996094,0.0530077005348
0.557014648438,0.0531216652201
0.557258300781,0.0532238188435
0.557501953125,0.053322377454
0.557745605469,0.0534339257301
0.557989257812,0.0535594433179
0.558232910156,0.0536776335964
0.5584765625,0.0537936025922
0.558720214844,0.0538879679712
0.558963867188,0.0540145361402
0.559207519531,0.0541268351006
0.559451171875,0.054256752171
0.559694824219,0.0543809268769
0.559938476562,0.0544801766667
0.560182128906,0.0545791562522
0.56042578125,0.0547256413561
0.560669433594,0.0548300934448
0.560913085938,0.054949539577
0.561156738281,0.0550597455485
0.561400390625,0.0551819330029
0.561644042969,0.0552934393748
0.561887695313,0.0554064734375
0.562131347656,0.0555315151819
0.562375,0.0556618776207
0.562618652344,0.0557687556414
0.562862304687,0.0558797821361
0.563105957031,0.055994332864
0.563349609375,0.0561293685523
0.563593261719,0.0562290585272
0.563836914063,0.0563651363749
0.564080566406,0.0564918584538
0.56432421875,0.05661644759
0.564567871094,0.0567245847888
0.564811523437,0.0568232867849
0.565055175781,0.0569277447199
0.565298828125,0.0570382435611
0.565542480469,0.0571517806276
0.565786132813,0.0572775552898
0.566029785156,0.0573781652954
0.5662734375,0.0575039845609
0.566517089844,0.0576280372717
0.566760742188,0.0577243263886
0.567004394531,0.057850692678
0.567248046875,0.0579860247725
0.567491699219,0.0581342376303
0.567735351562,0.058239172505
0.567979003906,0.0583672923606
0.56822265625,0.0585005973146
0.568466308594,0.0585993447251
0.568709960938,0.058720391852
0.568953613281,0.0588486480831
0.569197265625,0.0589574875631
0.569440917969,0.059071640855
0.569684570312,0.0592140020132
0.569928222656,0.0593046537734
0.570171875,0.0594433011531
0.570415527344,0.05955437555
0.570659179688,0.0596675357144
0.570902832031,0.0597852144035
0.571146484375,0.0599144706528
0.571390136719,0.0600292287201
0.571633789062,0.0601506861747
0.571877441406,0.0602673610552
0.57212109375,0.0603978040003
0.572364746094,0.0604988422736
0.572608398437,0.0606155878845
0.572852050781,0.0607339331522
0.573095703125,0.0608717438233
0.573339355469,0.0609766297196
0.573583007813,0.0610785694523
0.573826660156,0.0611827174969
0.5740703125,0.061289935314
0.574313964844,0.0614096070289
0.574557617187,0.0615237557271
0.574801269531,0.0616692106048
0.575044921875,0.0617974012524
0.575288574219,0.061902531288
0.575532226563,0.0620090903354
0.575775878906,0.0621142032524
0.57601953125,0.0622352922959
0.576263183594,0.0623771055399
0.576506835937,0.0625019161093
0.576750488281,0.0626226885335
0.576994140625,0.0627256428572
0.577237792969,0.0628468094808
0.577481445313,0.062970275179
0.577725097656,0.0630868726181
0.57796875,0.0632051524109
0.578212402344,0.0633117578879
0.578456054688,0.063458739454
0.578699707031,0.0635781788904
0.578943359375,0.06370393395
0.579187011719,0.0638103436301
0.579430664062,0.0639364220597
0.579674316406,0.064090112829
0.57991796875,0.0642142075254
0.580161621094,0.0643419819997
0.580405273438,0.0644578936121
0.580648925781,0.0645691005529
0.580892578125,0.064690728039
0.581136230469,0.0648130228619
0.581379882812,0.0648957059619
0.581623535156,0.0650039182874
0.5818671875,0.0651205698085
0.582110839844,0.0652262692768
0.582354492188,0.0653140951125
0.582598144531,0.0654169290262
0.582841796875,0.0655433126217
0.583085449219,0.0656578620345
0.583329101562,0.0657683152994
0.583572753906,0.06588355281
0.58381640625,0.065996692241
0.584060058594,0.0661293858332
0.584303710937,0.066225984984
0.584547363281,0.0663694372991
0.584791015625,0.0664779842007
0.585034667969,0.0665939620655
0.585278320313,0.066734729059
0.585521972656,0.0668508578152
0.585765625,0.0669704262601
0.586009277344,0.067089654437
0.586252929687,0.0672126297815
0.586496582031,0.0673358134367
0.586740234375,0.067458369389
0.586983886719,0.0675810811043
0.587227539063,0.0676966047394
0.587471191406,0.0677980989269
0.58771484375,0.067924972648
0.587958496094,0.0680333712735
0.588202148437,0.0681350321881
0.588445800781,0.0682449840593
0.588689453125,0.0683716866155
0.588933105469,0.0684999384283
0.589176757813,0.0686157905122
0.589420410156,0.0687190813503
0.5896640625,0.0688407166207
0.589907714844,0.0689476167205
0.590151367188,0.0690578671436
0.590395019531,0.0691582770997
0.590638671875,0.0692700737695
0.590882324219,0.0693746413382
0.591125976562,0.0694799649441
0.591369628906,0.069563855216
0.59161328125,0.0696999209116
0.591856933594,0.0698050880237
0.592100585938,0.0699497113716
0.592344238281,0.0700598729812
0.592587890625,0.0702121175632
0.592831542969,0.0703333868047
0.593075195312,0.0704673805451
0.593318847656,0.0705615357144
0.5935625,0.0707066809778
0.593806152344,0.0708249749081
0.594049804688,0.0709312740397
0.594293457031,0.0710379387314
0.594537109375,0.0711784626437
0.594780761719,0.0712906372633
0.595024414062,0.0714039360258
0.595268066406,0.0715242764148
0.59551171875,0.071666324484
0.595755371094,0.0717728603606
0.595999023437,0.0718765117189
0.596242675781,0.0720005120117
0.596486328125,0.0721109671951
0.596729980469,0.0722762280166
0.596973632813,0.0724003732176
0.597217285156,0.0725389686256
0.5974609375,0.072660290646
0.597704589844,0.0727904109889
0.597948242187,0.0728999950248
0.598191894531,0.0730163443575
0.598435546875,0.0731182301356
0.598679199219,0.0732234446351
0.598922851563,0.0733317069937
0.599166503906,0.0734258457316
0.59941015625,0.0735238533905
0.599653808594,0.0736381931595
0.599897460937,0.0737716922801
0.600141113281,0.0738970167032
0.600384765625,0.0740174869438
0.600628417969,0.0741397658858
0.600872070313,0.0742709639595
0.601115722656,0.0743868535622
0.601359375,0.074499023456
0.601603027344,0.0746248337217
0.601846679688,0.0747589009563
0.602090332031,0.0748951533601
0.602333984375,0.0750086444831
0.602577636719,0.0751331597217
0.602821289062,0.0752399026924
0.603064941406,0.0753580154157
0.60330859375,0.0754803853996
0.603552246094,0.075618261973
0.603795898438,0.0757362102944
0.604039550781,0.0758458792654
0.604283203125,0.0759758104568
0.604526855469,0.0760898493468
0.604770507812,0.0762009504186
0.605014160156,0.0763226760393
0.6052578125,0.0764506890308
0.605501464844,0.0765705064605
0.605745117188,0.0766797357136
0.605988769531,0.0767964436715
0.606232421875,0.0769264928786
0.606476074219,0.0770304313911
0.606719726562,0.077132095312
0.606963378906,0.0772247824946
0.60720703125,0.077344376626
0.607450683594,0.0774586838502
0.607694335937,0.077589577452
0.607937988281,0.0777054499687
0.608181640625,0.0778129958575
0.608425292969,0.0779098598551
0.608668945313,0.0780428241047
0.608912597656,0.0781866971148
0.60915625,0.0783158395358
0.609399902344,0.0784439463766
0.609643554687,0.0785797816756
0.609887207031,0.0787083368651
0.610130859375,0.078848418401
0.610374511719,0.0789825612752
0.610618164063,0.0790882775719
0.610861816406,0.079188312398
0.61110546875,0.0793134708731
0.611349121094,0.0794515623756
0.611592773437,0.0795694923369
0.611836425781,0.0796900700759
0.612080078125,0.0798321874757
0.612323730469,0.0799598357827
0.612567382813,0.0800902013008
0.612811035156,0.0801990672912
0.6130546875,0.0802953511625
0.613298339844,0.0804308687718
0.613541992188,0.0805499478326
0.613785644531,0.0806693482366
0.614029296875,0.0807696760008
0.614272949219,0.0808799110102
0.614516601562,0.0809982186904
0.614760253906,0.0811435877899
0.61500390625,0.081252062202
0.615247558594,0.0813912502574
0.615491210938,0.0814937500001
0.615734863281,0.0816179272231
0.615978515625,0.0817397951611
0.616222167969,0.0818428839896
0.616465820312,0.0819888849172
0.616709472656,0.0820825437533
0.616953125,0.0822001959877
0.617196777344,0.0823470440063
0.617440429688,0.0824499275036
0.617684082031,0.0825554712706
0.617927734375,0.0826564243244
0.618171386719,0.0827825595893
0.618415039062,0.082933508961
0.618658691406,0.0830684097097
0.61890234375,0.0831844270882
0.619145996094,0.0833253582537
0.619389648437,0.0834520967725
0.619633300781,0.083583261979
0.619876953125,0.0837153173809
0.620120605469,0.083859523566
0.620364257813,0.0840003241341
0.620607910156,0.0841240629356
0.6208515625,0.0842347563611
0.621095214844,0.0843504521482
0.621338867187,0.0844838522584
0.621582519531,0.084607657244
0.621826171875,0.0847248885237
0.622069824219,0.084848768869
0.622313476563,0.0849715595545
0.622557128906,0.0851015633555
0.62280078125,0.0852287204863
0.623044433594,0.0853882679993
0.623288085937,0.0855176380295
0.623531738281,0.0856368279865
0.623775390625,0.0857507788913
0.624019042969,0.0858901230128
0.624262695313,0.086024541474
0.624506347656,0.0861419583621
0.62475,0.0862492098661
0.624993652344,0.0863853215023
0.625237304688,0.0864966352162
0.625480957031,0.0866247429825
0.625724609375,0.0867737076355
0.625968261719,0.086862575546
0.626211914062,0.0869915361475
0.626455566406,0.087134886638
0.62669921875,0.0872362500476
0.626942871094,0.087365335388
0.627186523438,0.0874911250965
0.627430175781,0.0876049458292
0.627673828125,0.0877346055404
0.627917480469,0.0878546195095
0.628161132812,0.0879750984152
0.628404785156,0.0880849249989
0.6286484375,0.0882030784086
0.628892089844,0.0883271396025
0.629135742188,0.0884559897178
0.629379394531,0.0885699611958
0.629623046875,0.0887011474585
0.629866699219,0.0888411592244
0.630110351562,0.0889811232719
0.630354003906,0.0891062317713
0.63059765625,0.0891998687697
0.630841308594,0.0892965355885
0.631084960937,0.0894272551403
0.631328613281,0.0895755052787
0.631572265625,0.0897255034369
0.631815917969,0.0898896948516
0.632059570313,0.0899922366054
0.632303222656,0.0900908836461
0.632546875,0.0902359642858
0.632790527344,0.0903748885905
0.633034179687,0.0905175437355
0.633277832031,0.0906333136483
0.633521484375,0.0907482004372
0.633765136719,0.0909136395447
0.634008789063,0.0910443939218
0.634252441406,0.0911481899807
0.63449609375,0.0912666981798
0.634739746094,0.0913858446085
0.634983398437,0.0915189614638
0.635227050781,0.0916193600121
0.635470703125,0.0917291047627
0.635714355469,0.0918654421497
0.635958007813,0.0919890987995
0.636201660156,0.0921053336481
0.6364453125,0.0922282111637
0.636688964844,0.0923417933422
0.636932617188,0.09246425312
0.637176269531,0.0925951734171
0.637419921875,0.0927083857243
0.637663574219,0.0928582076619
0.637907226562,0.0929865443034
0.638150878906,0.093129991332
0.63839453125,0.0932580157844
0.638638183594,0.0933862142858
0.638881835938,0.0935223396948
0.639125488281,0.0936496927637
0.639369140625,0.0937432142857
0.639612792969,0.0938648845458
0.639856445312,0.0939598234344
0.640100097656,0.0940862442127
0.64034375,0.0942065264934
0.640587402344,0.0943354708011
0.640831054688,0.0944745423957
0.641074707031,0.0946134667984
0.641318359375,0.0947443734153
0.641562011719,0.0948777575651
0.641805664062,0.0950255507433
0.642049316406,0.0951197083741
0.64229296875,0.0952372317855
0.642536621094,0.0953287634463
0.642780273437,0.095467857143
0.643023925781,0.0955729947754
0.643267578125,0.095694726538
0.643511230469,0.0958476191322
0.643754882813,0.0959798034017
0.643998535156,0.096112791523
0.6442421875,0.0962421174354
0.644485839844,0.0963762176015
0.644729492187,0.0964908664809
0.644973144531,0.096602672228
0.645216796875,0.0967395592295
0.645460449219,0.0968588662151
0.645704101563,0.096972029552
0.645947753906,0.0970905817969
0.64619140625,0.0972076582067
0.646435058594,0.0973468054812
0.646678710937,0.0974787888117
0.646922363281,0.0975883162448
0.647166015625,0.0977109652324
0.647409667969,0.0978274306086
0.647653320313,0.0979547500002
0.647896972656,0.0981246141071
0.648140625,0.0982515257194
0.648384277344,0.098382032073
0.648627929688,0.0985306532151
0.648871582031,0.0986581033142
0.649115234375,0.0987940184568
0.649358886719,0.0989282106953
0.649602539062,0.0990680040042
0.649846191406,0.0992046961039
0.65008984375,0.0993333809678
0.650333496094,0.0994601847467
0.650577148438,0.0995939754493
0.650820800781,0.0997338815146
0.651064453125,0.0998795537201
0.651308105469,0.100004275317
0.651551757812,0.100124451204
0.651795410156,0.10025238867
0.6520390625,0.100407083412
0.652282714844,0.100522135149
0.652526367188,0.100675362848
0.652770019531,0.100778848946
0.653013671875,0.100885155485
0.653257324219,0.101024973148
0.653500976562,0.101168267279
0.653744628906,0.101303283524
0.65398828125,0.101426196863
0.654231933594,0.10154202111
0.654475585937,0.101646515979
0.654719238281,0.101778218456
0.654962890625,0.101918154925
0.655206542969,0.102054986259
0.655450195313,0.102185175401
0.655693847656,0.102377655476
0.6559375,0.102513275112
0.656181152344,0.102620479996
0.656424804687,0.102726279984
0.656668457031,0.102884610666
0.656912109375,0.103023196627
0.657155761719,0.1031263112
0.657399414063,0.103253089826
0.657643066406,0.103374429729
0.65788671875,0.103483632993
0.658130371094,0.10360270108
0.658374023437,0.103746267677
0.658617675781,0.103890058719
0.658861328125,0.104001210185
0.659104980469,0.104133421531
0.659348632813,0.104250257292
0.659592285156,0.104385287568
0.6598359375,0.104526818355
0.660079589844,0.104661619195
0.660323242188,0.104794738368
0.660566894531,0.104927962988
0.660810546875,0.105075204587
0.661054199219,0.105201879364
0.661297851562,0.105314433762
0.661541503906,0.105431210689
0.66178515625,0.105557998779
0.662028808594,0.10569200237
0.662272460938,0.10580998617
0.662516113281,0.105927160349
0.662759765625,0.106073085798
0.663003417969,0.106198788337
0.663247070312,0.106315450991
0.663490722656,0.10642271737
0.663734375,0.106554718276
0.663978027344,0.106690459516
0.664221679688,0.10680640703
0.664465332031,0.10693181836
0.664708984375,0.107058515302
0.664952636719,0.107202305546
0.665196289062,0.107344776678
0.665439941406,0.107491192453
0.66568359375,0.107615584759
0.665927246094,0.107739193245
0.666170898437,0.107897321429
0.666414550781,0.108038919153
0.666658203125,0.108165855689
0.666901855469,0.108283813553
0.667145507813,0.108421382285
0.667389160156,0.108554316255
0.6676328125,0.108719819592
0.667876464844,0.108845729246
0.668120117187,0.109000772062
0.668363769531,0.109169020974
0.668607421875,0.109303601665
0.668851074219,0.109438585662
0.669094726563,0.109583891731
0.669338378906,0.109721884762
0.66958203125,0.109853406229
0.669825683594,0.10998433939
0.670069335937,0.110181509792
0.670312988281,0.11030205187
0.670556640625,0.110424268161
0.670800292969,0.110553678753
0.671043945313,0.110682260003
0.671287597656,0.110836743715
0.67153125,0.110989632267
0.671774902344,0.111171392283
0.672018554688,0.111302337336
0.672262207031,0.111436802753
0.672505859375,0.111588675015
0.672749511719,0.111745152335
0.672993164062,0.111875470536
0.673236816406,0.112002483884
0.67348046875,0.112121960104
0.673724121094,0.112254109408
0.673967773438,0.112391663823
0.674211425781,0.112526579984
0.674455078125,0.112660742426
0.674698730469,0.112793313482
0.674942382812,0.112901059588
0.675186035156,0.11303022208
0.6754296875,0.113172316186
0.675673339844,0.113304061604
0.675916992188,0.113461451864
0.676160644531,0.113591251184
0.676404296875,0.113723323418
0.676647949219,0.113855440168
0.676891601562,0.113988795935
0.677135253906,0.114099820397
0.67737890625,0.114256461927
0.677622558594,0.114386072768
0.677866210937,0.114530762496
0.678109863281,0.114650333451
0.678353515625,0.114839232715
0.678597167969,0.114959102743
0.678840820313,0.115114258776
0.679084472656,0.115266314226
0.679328125,0.115379262842
0.679571777344,0.115499889346
0.679815429687,0.115624983636
0.680059082031,0.115798316825
0.680302734375,0.1159419243
0.680546386719,0.116086945603
0.680790039063,0.116223306518
0.681033691406,0.116359765228
0.68127734375,0.116481577671
0.681520996094,0.116612826304
0.681764648437,0.1167812538
0.682008300781,0.116969905104
0.682251953125,0.117122383556
0.682495605469,0.117250355372
0.682739257812,0.117370127441
0.682982910156,0.117502427953
0.6832265625,0.117637606952
0.683470214844,0.117787768735
0.683713867188,0.117939298438
0.683957519531,0.11808382202
0.684201171875,0.118226538245
0.684444824219,0.118347335394
0.684688476562,0.118485139786
0.684932128906,0.118612137021
0.68517578125,0.118754595456
0.685419433594,0.118859276282
0.685663085938,0.119020168584
0.685906738281,0.119139152476
0.686150390625,0.119277348524
0.686394042969,0.119400859404
0.686637695312,0.119548938167
0.686881347656,0.119694608708
0.687125,0.119828054107
0.687368652344,0.11997649792
0.687612304688,0.12012150122
0.687855957031,0.12027877977
0.688099609375,0.120406756954
0.688343261719,0.120562095499
0.688586914063,0.120722225493
0.688830566406,0.120866845209
0.68907421875,0.120993238719
0.689317871094,0.121139954289
0.689561523437,0.121266070611
0.689805175781,0.121406886295
0.690048828125,0.121579674208
0.690292480469,0.121724078024
0.690536132813,0.121843875871
0.690779785156,0.12197314211
0.6910234375,0.122104279543
0.691267089844,0.122273623445
0.691510742187,0.122404492035
0.691754394531,0.122550380439
0.691998046875,0.122680075115
0.692241699219,0.122834322518
0.692485351563,0.122962409777
0.692729003906,0.123146403411
0.69297265625,0.123277369669
0.693216308594,0.123431267372
0.693459960937,0.123547253131
0.693703613281,0.123670340628
0.693947265625,0.123798958174
0.694190917969,0.123941222529
0.694434570312,0.124086190806
0.694678222656,0.124242155496
0.694921875,0.124388581529
0.695165527344,0.124530375984
0.695409179688,0.124651934641
0.695652832031,0.12478650555
0.695896484375,0.12494790842
0.696140136719,0.125062088692
0.696383789062,0.125197379648
0.696627441406,0.125345068952
0.69687109375,0.125485746206
0.697114746094,0.125598067882
0.697358398438,0.125737900776
0.697602050781,0.125890105029
0.697845703125,0.126043470364
0.698089355469,0.126181940899
0.698333007812,0.126322400611
0.698576660156,0.126487548335
0.6988203125,0.126597926761
0.699063964844,0.126784654193
0.699307617188,0.12693819407
0.699551269531,0.127103468992
0.699794921875,0.12724977197
0.700038574219,0.127375512898
0.700282226563,0.12754537427
0.700525878906,0.127719001846
0.70076953125,0.127868069421
0.701013183594,0.12803685678
0.701256835937,0.128172589116
0.701500488281,0.128306027855
0.701744140625,0.128472959428
0.701987792969,0.128630093415
0.702231445313,0.128764048522
0.702475097656,0.128904408621
0.70271875,0.129102181168
0.702962402344,0.129258618548
0.703206054687,0.129397428558
0.703449707031,0.129533691222
0.703693359375,0.129683973488
0.703937011719,0.129814478255
0.704180664063,0.129959732633
0.704424316406,0.130133541612
0.70466796875,0.130280350364
0.704911621094,0.130448426803
0.705155273437,0.130618245603
0.705398925781,0.130757682409
0.705642578125,0.130889624696
0.705886230469,0.131038278421
0.706129882812,0.131226884004
0.706373535156,0.131374252256
0.7066171875,0.131526674281
0.706860839844,0.131655258951
0.707104492188,0.131818792956
0.707348144531,0.13199371572
0.707591796875,0.132120878026
0.707835449219,0.132265202354
0.708079101562,0.132418127933
0.708322753906,0.132598109554
0.70856640625,0.132741756641
0.708810058594,0.132907173308
0.709053710938,0.133069417108
0.709297363281,0.133238285401
0.709541015625,0.133421769522
0.709784667969,0.133606040054
0.710028320312,0.133774112822
0.710271972656,0.13393465354
0.710515625,0.134083974887
0.710759277344,0.134227288302
0.711002929688,0.134388506262
0.711246582031,0.134537154311
0.711490234375,0.134689076679
0.711733886719,0.134820431526
0.711977539063,0.13499073355
0.712221191406,0.135170540445
0.71246484375,0.135335874333
0.712708496094,0.135500618487
0.712952148437,0.13563110282
0.713195800781,0.135748555993
0.713439453125,0.135878214629
0.713683105469,0.136043384632
0.713926757813,0.136192973345
0.714170410156,0.136340528363
0.7144140625,0.136484539741
0.714657714844,0.13663637129
0.714901367187,0.136788772873
0.715145019531,0.136976522475
0.715388671875,0.137108269453
0.715632324219,0.137271914141
0.715875976563,0.137461983874
0.716119628906,0.137643820598
0.71636328125,0.137783334192
0.716606933594,0.137921356429
0.716850585937,0.138072855932
0.717094238281,0.138221673563
0.717337890625,0.138380872607
0.717581542969,0.138541305444
0.717825195312,0.138697809834
0.718068847656,0.138904378562
0.7183125,0.139091970444
0.718556152344,0.139286207411
0.718799804688,0.139452116575
0.719043457031,0.139635938204
0.719287109375,0.139791725016
0.719530761719,0.139972211944
0.719774414062,0.140095576349
0.720018066406,0.140235053486
0.72026171875,0.140414083386
0.720505371094,0.140551918117
0.720749023438,0.140717994121
0.720992675781,0.140872942486
0.721236328125,0.141011414101
0.721479980469,0.141161509607
0.721723632812,0.141307630655
0.721967285156,0.141470274379
0.7222109375,0.141635081506
0.722454589844,0.141776826551
0.722698242188,0.141937660603
0.722941894531,0.142116034005
0.723185546875,0.142276304536
0.723429199219,0.142420681682
0.723672851563,0.142589748412
0.723916503906,0.142788376597
0.72416015625,0.142915553374
0.724403808594,0.143094403871
0.724647460937,0.143229612012
0.724891113281,0.143367507792
0.725134765625,0.143519051963
0.725378417969,0.143672514302
0.725622070313,0.143851986442
0.725865722656,0.144047403308
0.726109375,0.144220597803
0.726353027344,0.144400474072
0.726596679687,0.144559929168
0.726840332031,0.144730555967
0.727083984375,0.1448923888
0.727327636719,0.145057065623
0.727571289063,0.145179032492
0.727814941406,0.145350905395
0.72805859375,0.145465085771
0.728302246094,0.14561755559
0.728545898437,0.145797067045
0.728789550781,0.145937573542
0.729033203125,0.146109516565
0.729276855469,0.146276259133
0.729520507812,0.146415482025
0.729764160156,0.146540083806
0.7300078125,0.146726545433
0.730251464844,0.146869199469
0.730495117188,0.147020753012
0.730738769531,0.14721177179
0.730982421875,0.147377455288
0.731226074219,0.147572503456
0.731469726562,0.147715602321
0.731713378906,0.147842880522
0.73195703125,0.147994786518
0.732200683594,0.148148072019
0.732444335938,0.148327005898
0.732687988281,0.148467317738
0.732931640625,0.148648679881
0.733175292969,0.148845091577
0.733418945312,0.149017636738
0.733662597656,0.149192581349
0.73390625,0.149367734442
0.734149902344,0.149522656284
0.734393554688,0.149708115746
0.734637207031,0.149871017974
0.734880859375,0.150029310284
0.735124511719,0.150205429394
0.735368164063,0.150352779136
0.735611816406,0.150494659643
0.73585546875,0.150688391194
0.736099121094,0.150821214433
0.736342773437,0.150989766372
0.736586425781,0.151151196829
0.736830078125,0.15132784847
0.737073730469,0.151485855754
0.737317382813,0.15163306922
0.737561035156,0.151785958227
0.7378046875,0.151939966573
0.738048339844,0.152103145898
0.738291992187,0.152224364942
0.738535644531,0.152359735917
0.738779296875,0.152536284121
0.739022949219,0.152694945319
0.739266601563,0.152851925324
0.739510253906,0.153035506776
0.73975390625,0.153206728896
0.739997558594,0.153370088905
0.740241210937,0.15353003104
0.740484863281,0.153704989855
0.740728515625,0.153866505828
0.740972167969,0.154061354037
0.741215820312,0.154213788502
0.741459472656,0.154389529511
0.741703125,0.154553233012
0.741946777344,0.154717860596
0.742190429688,0.154902733817
0.742434082031,0.155054461804
0.742677734375,0.155223910815
0.742921386719,0.155417369507
0.743165039062,0.155622907817
0.743408691406,0.155832931473
0.74365234375,0.156044584961
0.743895996094,0.156222412033
0.744139648438,0.156394077359
0.744383300781,0.156532411493
0.744626953125,0.156692717257
0.744870605469,0.156880412555
0.745114257812,0.15707702131
0.745357910156,0.157203647467
0.7456015625,0.157394718717
0.745845214844,0.157560389702
0.746088867188,0.157716890629
0.746332519531,0.157904450687
0.746576171875,0.158076343738
0.746819824219,0.158234564588
0.747063476563,0.15840842126
0.747307128906,0.158618939514
0.74755078125,0.158771854222
0.747794433594,0.158957081863
0.748038085937,0.159137994425
0.748281738281,0.159277923786
0.748525390625,0.159471569618
0.748769042969,0.159720388357
0.749012695313,0.159884144409
0.749256347656,0.16006301412
0.7495,0.160219777268
0.749743652344,0.160422255501
0.749987304687,0.160619640912
0.750230957031,0.160807895491
0.750474609375,0.160980599787
0.750718261719,0.161148178572
0.750961914063,0.161286797842
0.751205566406,0.161486411764
0.75144921875,0.161669169184
0.751692871094,0.161846135147
0.751936523437,0.162040780979
0.752180175781,0.162216252969
0.752423828125,0.162392158331
0.752667480469,0.162568657034
0.752911132812,0.162766667656
0.753154785156,0.162934749217
0.7533984375,0.163109095989
0.753642089844,0.16327244474
0.753885742188,0.163441670858
0.754129394531,0.163591790695
0.754373046875,0.163794052547
0.754616699219,0.16395767935
0.754860351562,0.164144100609
0.755104003906,0.164299251688
0.75534765625,0.164474407569
0.755591308594,0.164656634297
0.755834960938,0.164814816413
0.756078613281,0.165008081395
0.756322265625,0.165169789656
0.756565917969,0.165396609832
0.756809570312,0.165569246938
0.757053222656,0.165742026246
0.757296875,0.165913737944
0.757540527344,0.166069778855
0.757784179688,0.166205990296
0.758027832031,0.166433100155
0.758271484375,0.166595444986
0.758515136719,0.166773512055
0.758758789063,0.166951205178
0.759002441406,0.167128747742
0.75924609375,0.16733255403
0.759489746094,0.167509797335
0.759733398437,0.167671169451
0.759977050781,0.167821142378
0.760220703125,0.167989196717
0.760464355469,0.16818763438
0.760708007813,0.168365468428
0.760951660156,0.16855255518
0.7611953125,0.168756136877
0.761438964844,0.168917308017
0.761682617187,0.169098605801
0.761926269531,0.169278822038
0.762169921875,0.169501364853
0.762413574219,0.169700354117
0.762657226563,0.169896638319
0.762900878906,0.170097466379
0.76314453125,0.170294713755
0.763388183594,0.170543042997
0.763631835937,0.17072711991
0.763875488281,0.170936074069
0.764119140625,0.171140525833
0.764362792969,0.171345315646
0.764606445312,0.1715578717
0.764850097656,0.171737341752
0.76509375,0.171937603961
0.765337402344,0.172109193258
0.765581054688,0.172305368624
0.765824707031,0.172460830467
0.766068359375,0.172641142857
0.766312011719,0.172840445167
0.766555664062,0.173038530905
0.766799316406,0.173194701111
0.76704296875,0.173375476268
0.767286621094,0.173548982643
0.767530273438,0.173702847592
0.767773925781,0.173910692118
0.768017578125,0.174049152148
0.768261230469,0.174254752199
0.768504882812,0.17445477992
0.768748535156,0.174676619085
0.7689921875,0.174903692937
0.769235839844,0.175113499383
0.769479492188,0.175306047465
0.769723144531,0.175506714642
0.769966796875,0.175721421563
0.770210449219,0.175911402074
0.770454101563,0.176093260009
0.770697753906,0.176304892596
0.77094140625,0.176484037715
0.771185058594,0.176652724671
0.771428710937,0.17685209151
0.771672363281,0.177035729313
0.771916015625,0.177234851257
0.772159667969,0.177468450583
0.772403320313,0.177679180965
0.772646972656,0.177877784198
0.772890625,0.178075864088
0.773134277344,0.178261787872
0.773377929687,0.178448389001
0.773621582031,0.178646336138
0.773865234375,0.178850457016
0.774108886719,0.179043980717
0.774352539063,0.179245961579
0.774596191406,0.179468583261
0.77483984375,0.179640126202
0.775083496094,0.179859026542
0.775327148437,0.180039054338
0.775570800781,0.180271792652
0.775814453125,0.180484998642
0.776058105469,0.180688314477
0.776301757812,0.180931732813
0.776545410156,0.181150821429
0.7767890625,0.181360908152
0.777032714844,0.181581964655
0.777276367188,0.181740978588
0.777520019531,0.181963955551
0.777763671875,0.182158212243
0.778007324219,0.182383186026
0.778250976562,0.182607746875
0.778494628906,0.182796681606
0.77873828125,0.182981746496
0.778981933594,0.18318418685
0.779225585938,0.183406466795
0.779469238281,0.183584964001
0.779712890625,0.183852844574
0.779956542969,0.184030531811
0.780200195312,0.184253250792
0.780443847656,0.184460072821
0.7806875,0.184652081614
0.780931152344,0.184808900446
0.781174804688,0.184934122449
0.781418457031,0.185111670064
0.781662109375,0.185308820076
0.781905761719,0.185504347609
0.782149414063,0.185677286405
0.782393066406,0.185887751831
0.78263671875,0.186091004121
0.782880371094,0.186273818716
0.783124023437,0.186527367599
0.783367675781,0.186765742518
0.783611328125,0.186984636006
0.783854980469,0.187192717306
0.784098632813,0.187424599423
0.784342285156,0.187607511446
0.7845859375,0.187816927857
0.784829589844,0.188036613773
0.785073242187,0.18823138413
0.785316894531,0.18847746295
0.785560546875,0.18865146545
0.785804199219,0.188850940483
0.786047851563,0.189036857082
0.786291503906,0.18925465406
0.78653515625,0.189461897065
0.786778808594,0.189641707568
0.787022460937,0.189809681499
0.787266113281,0.190024330764
0.787509765625,0.190220704282
0.787753417969,0.190414384027
0.787997070312,0.190657415128
0.788240722656,0.190900933659
0.788484375,0.191102205863
0.788728027344,0.191324867921
0.788971679688,0.19153348919
0.789215332031,0.191748460676
0.789458984375,0.191943502822
0.789702636719,0.192169149
0.789946289062,0.192359946999
0.790189941406,0.192593606791
0.79043359375,0.192781516206
0.790677246094,0.19301822729
0.790920898438,0.193223297845
0.791164550781,0.193403224867
0.791408203125,0.19362440742
0.791651855469,0.193824916583
0.791895507812,0.194006513273
0.792139160156,0.194224406525
0.7923828125,0.194445675021
0.792626464844,0.19468624788
0.792870117188,0.194883373184
0.793113769531,0.195068467824
0.793357421875,0.195293992637
0.793601074219,0.195480155154
0.793844726563,0.195695640605
0.794088378906,0.195943521563
0.79433203125,0.196199296459
0.794575683594,0.196419062232
0.794819335937,0.196653286566
0.795062988281,0.19687855565
0.795306640625,0.197128098441
0.795550292969,0.197338374437
0.795793945313,0.197571081934
0.796037597656,0.19785393308
0.79628125,0.198066628703
0.796524902344,0.198256995673
0.796768554687,0.198476480929
0.797012207031,0.198730056134
0.797255859375,0.198960794664
0.797499511719,0.199138764596
0.797743164063,0.199371105996
0.797986816406,0.199612361646
0.79823046875,0.199837878894
0.798474121094,0.200072239611
0.798717773437,0.200279766582
0.798961425781,0.20053667965
0.799205078125,0.200756069333
0.799448730469,0.200976387011
0.799692382812,0.201191498052
0.799936035156,0.201411618512
0.8001796875,0.2016348788
0.800423339844,0.201835121811
0.800666992188,0.202050265837
0.800910644531,0.202255492318
0.801154296875,0.202487984454
0.801397949219,0.202744851262
0.801641601562,0.202965797672
0.801885253906,0.203168046329
0.80212890625,0.203422044111
0.802372558594,0.203654987573
0.802616210938,0.203865008806
0.802859863281,0.204046173623
0.803103515625,0.204327287072
0.803347167969,0.204566605031
0.803590820312,0.204772836347
0.803834472656,0.205015895337
0.804078125,0.205297938102
0.804321777344,0.205531595075
0.804565429688,0.205757637612
0.804809082031,0.206019015308
0.805052734375,0.206272336654
0.805296386719,0.206538292993
0.805540039063,0.206794984506
0.805783691406,0.207016342033
0.80602734375,0.207238216642
0.806270996094,0.207479602358
0.806514648437,0.207677399011
0.806758300781,0.207885822539
0.807001953125,0.20811050525
0.807245605469,0.208362619736
0.807489257813,0.208595553312
0.807732910156,0.208849363734
0.8079765625,0.209080856689
0.808220214844,0.209295937476
0.808463867187,0.209518242275
0.808707519531,0.209803718332
0.808951171875,0.21008317025
0.809194824219,0.210296936041
0.809438476563,0.210531224119
0.809682128906,0.210737711086
0.80992578125,0.210972313971
0.810169433594,0.211241858402
0.810413085937,0.211485692255
0.810656738281,0.211698313508
0.810900390625,0.211977569683
0.811144042969,0.212269214753
0.811387695312,0.212517087589
0.811631347656,0.212743431472
0.811875,0.212965408438
0.812118652344,0.213211208423
0.812362304688,0.213449316557
0.812605957031,0.213728808977
0.812849609375,0.214030481344
0.813093261719,0.214263330312
0.813336914062,0.2145573323
0.813580566406,0.214766309965
0.81382421875,0.215006617887
0.814067871094,0.215278129525
0.814311523438,0.215486446326
0.814555175781,0.215757047913
0.814798828125,0.216015329464
0.815042480469,0.216257385787
0.815286132812,0.216508501999
0.815529785156,0.216788867246
0.8157734375,0.217057198726
0.816017089844,0.217329266235
0.816260742187,0.217653313456
0.816504394531,0.217925255035
0.816748046875,0.218124560641
0.816991699219,0.218377138812
0.817235351563,0.218642280235
0.817479003906,0.21893302321
0.81772265625,0.219172027524
0.817966308594,0.219453149224
0.818209960937,0.219692152851
0.818453613281,0.219985654344
0.818697265625,0.220295499689
0.818940917969,0.220514448732
0.819184570313,0.220755115134
0.819428222656,0.221072757896
0.819671875,0.221349992683
0.819915527344,0.221594772167
0.820159179687,0.221840350266
0.820402832031,0.222145770363
0.820646484375,0.222403021212
0.820890136719,0.222673409253
0.821133789063,0.222933144065
0.821377441406,0.223243833048
0.82162109375,0.223517466609
0.821864746094,0.223773247976
0.822108398438,0.224084479217
0.822352050781,0.224318964286
0.822595703125,0.224606363774
0.822839355469,0.224929561594
0.823083007812,0.225190736697
0.823326660156,0.225471104881
0.8235703125,0.22569453888
0.823813964844,0.225978574576
0.824057617188,0.226281862496
0.824301269531,0.226526305096
0.824544921875,0.22679120016
0.824788574219,0.227065393586
0.825032226562,0.227325365374
0.825275878906,0.227553907082
0.82551953125,0.227810534415
0.825763183594,0.228080649021
0.826006835938,0.228385508028
0.826250488281,0.228662818622
0.826494140625,0.228988266761
0.826737792969,0.229242231753
0.826981445312,0.229512371843
0.827225097656,0.229768294781
0.82746875,0.230010835009
0.827712402344,0.230218825384
0.827956054687,0.230506709748
0.828199707031,0.230786976273
0.828443359375,0.231052210602
0.828687011719,0.231312529446
0.828930664063,0.231570109597
0.829174316406,0.23188631652
0.82941796875,0.2321751629
0.829661621094,0.232426481666
0.829905273437,0.232737454781
0.830148925781,0.233057635025
0.830392578125,0.23333076021
0.830636230469,0.233582768076
0.830879882813,0.233818770378
0.831123535156,0.234085419753
0.8313671875,0.234312627701
0.831610839844,0.234613396137
0.831854492187,0.234910020679
0.832098144531,0.235261796541
0.832341796875,0.235545488653
0.832585449219,0.235808428961
0.832829101563,0.236067306806
0.833072753906,0.236329590384
0.83331640625,0.23662579204
0.833560058594,0.236931781474
0.833803710938,0.237226932316
0.834047363281,0.23746612048
0.834291015625,0.237696754714
0.834534667969,0.238027158723
0.834778320312,0.238302995007
0.835021972656,0.238619200808
0.835265625,0.238970340701
0.835509277344,0.239224518138
0.835752929688,0.239460942115
0.835996582031,0.239685377296
0.836240234375,0.239958719778
0.836483886719,0.240253376522
0.836727539062,0.240536170491
0.836971191406,0.240787125731
0.83721484375,0.241050800408
0.837458496094,0.24131360204
0.837702148438,0.241604413588
0.837945800781,0.241874344599
0.838189453125,0.242185533382
0.838433105469,0.242506066577
0.838676757812,0.242797581524
0.838920410156,0.243047686337
0.8391640625,0.243295715428
0.839407714844,0.243596209068
0.839651367187,0.243893854372
0.839895019531,0.244170902454
0.840138671875,0.244422786453
0.840382324219,0.244718550839
0.840625976563,0.244991572959
0.840869628906,0.245288817956
0.84111328125,0.245545541033
0.841356933594,0.245777120972
0.841600585937,0.246081267655
0.841844238281,0.246452301644
0.842087890625,0.246770210046
0.842331542969,0.247003248461
0.842575195313,0.247281986736
0.842818847656,0.247554686793
0.8430625,0.247845140199
0.843306152344,0.248104007619
0.843549804687,0.248409791173
0.843793457031,0.248687862339
0.844037109375,0.24895480102
0.844280761719,0.249307840075
0.844524414063,0.249553468364
0.844768066406,0.249854194404
0.84501171875,0.250141226895
0.845255371094,0.250436740179
0.845499023438,0.250775402192
0.845742675781,0.251100632113
0.845986328125,0.251465676209
0.846229980469,0.251764457053
0.846473632812,0.252070262648
0.846717285156,0.25237209413
0.8469609375,0.252628454088
0.847204589844,0.25295223341
0.847448242188,0.253270094292
0.847691894531,0.253584905621
0.847935546875,0.253857084167
0.848179199219,0.254194706557
0.848422851562,0.254492617963
0.848666503906,0.254784954198
0.84891015625,0.255048740749
0.849153808594,0.255332833902
0.849397460938,0.25568279959
0.849641113281,0.255911592532
0.849884765625,0.256262919825
0.850128417969,0.25655711437
0.850372070312,0.256844753653
0.850615722656,0.257158480623
0.850859375,0.257415554662
0.851103027344,0.257752263229
0.851346679687,0.258033876838
0.851590332031,0.258336045506
0.851833984375,0.258678288975
0.852077636719,0.259024915487
0.852321289063,0.259302717136
0.852564941406,0.259621761102
0.85280859375,0.259974160443
0.853052246094,0.260250533756
0.853295898437,0.260561233378
0.853539550781,0.260885768378
0.853783203125,0.261184311242
0.854026855469,0.2614906669
0.854270507813,0.261762144206
0.854514160156,0.262067483636
0.8547578125,0.262376329457
0.855001464844,0.262689833493
0.855245117187,0.263017587038
0.855488769531,0.263249131007
0.855732421875,0.263550674845
0.855976074219,0.263872314205
0.856219726563,0.264169040125
0.856463378906,0.264450882888
0.85670703125,0.264831429334
0.856950683594,0.265124706013
0.857194335938,0.265443231953
0.857437988281,0.26568807523
0.857681640625,0.266044415518
0.857925292969,0.266365476046
0.858168945312,0.266665119802
0.858412597656,0.266978515707
0.85865625,0.267360368817
0.858899902344,0.267672592951
0.859143554688,0.26804529998
0.859387207031,0.268347275875
0.859630859375,0.268643987141
0.859874511719,0.268958192938
0.860118164062,0.269283410004
0.860361816406,0.269625254526
0.86060546875,0.269933562921
0.860849121094,0.270230055282
0.861092773438,0.270584500425
0.861336425781,0.270892094854
0.861580078125,0.271231541495
0.861823730469,0.271581911062
0.862067382812,0.271962693054
0.862311035156,0.272262903867
0.8625546875,0.27258685021
0.862798339844,0.272866182958
0.863041992187,0.273268641185
0.863285644531,0.273644071738
0.863529296875,0.273974871215
0.863772949219,0.274268256818
0.864016601563,0.274595028725
0.864260253906,0.275009688219
0.86450390625,0.275434976852
0.864747558594,0.275836168364
0.864991210937,0.276175796548
0.865234863281,0.276559535707
0.865478515625,0.276864069223
0.865722167969,0.27727333598
0.865965820313,0.277561288759
0.866209472656,0.277994623512
0.866453125,0.278291737235
0.866696777344,0.278688095112
0.866940429687,0.279011899786
0.867184082031,0.27941163709
0.867427734375,0.279751781251
0.867671386719,0.280027625496
0.867915039063,0.280322825215
0.868158691406,0.280660133545
0.86840234375,0.280958440675
0.868645996094,0.28135071647
0.868889648438,0.28175260989
0.869133300781,0.282131296461
0.869376953125,0.282454021156
0.869620605469,0.282794440353
0.869864257812,0.283203137723
0.870107910156,0.283577823318
0.8703515625,0.283880948799
0.870595214844,0.284206901563
0.870838867188,0.284626694782
0.871082519531,0.284987503843
0.871326171875,0.285385592174
0.871569824219,0.285714153671
0.871813476562,0.286086902817
0.872057128906,0.28642019756
0.87230078125,0.286803248773
0.872544433594,0.28722575078
0.872788085938,0.28757333671
0.873031738281,0.287873769653
0.873275390625,0.288267988245
0.873519042969,0.288609002027
0.873762695312,0.289009786596
0.874006347656,0.289506076823
0.87425,0.289874379598
0.874493652344,0.290273089715
0.874737304687,0.290634915481
0.874980957031,0.290919570146
0.875224609375,0.29133771808
0.875468261719,0.291704477604
0.875711914063,0.292072881556
0.875955566406,0.292454627589
0.87619921875,0.292827424683
0.876442871094,0.293222937555
0.876686523437,0.293608284026
0.876930175781,0.294003005874
0.877173828125,0.294407824466
0.877417480469,0.29480781209
0.877661132813,0.295203718473
0.877904785156,0.295540595946
0.8781484375,0.295946971694
0.878392089844,0.29636073362
0.878635742187,0.296673757053
0.878879394531,0.297144882151
0.879123046875,0.297574362134
0.879366699219,0.297952998399
0.879610351563,0.298424402092
0.879854003906,0.298794425997
0.88009765625,0.299191824425
0.880341308594,0.29960471953
0.880584960938,0.299913662651
0.880828613281,0.300329928077
0.881072265625,0.300732441967
0.881315917969,0.30117832598
0.881559570312,0.301540815522
0.881803222656,0.301963761953
0.882046875,0.302384995973
0.882290527344,0.302741922576
0.882534179688,0.303170197842
0.882777832031,0.303585992893
0.883021484375,0.303978673914
0.883265136719,0.304377588601
0.883508789062,0.304871700785
0.883752441406,0.30527432515
0.88399609375,0.305732471017
0.884239746094,0.306127867295
0.884483398438,0.306563886654
0.884727050781,0.30704729903
0.884970703125,0.307491132597
0.885214355469,0.307906324483
0.885458007812,0.30836525
0.885701660156,0.308802372575
0.8859453125,0.309254429999
0.886188964844,0.309652395677
0.886432617187,0.310104000396
0.886676269531,0.31057437603
0.886919921875,0.310983507831
0.887163574219,0.31144709715
0.887407226563,0.311843915119
0.887650878906,0.312200752626
0.88789453125,0.312606839892
0.888138183594,0.313065142028
0.888381835937,0.313511210171
0.888625488281,0.313986149562
0.888869140625,0.31442368614
0.889112792969,0.314756853484
0.889356445313,0.315144609346
0.889600097656,0.315588053505
0.88984375,0.31598375851
0.890087402344,0.316508293606
0.890331054687,0.316933889065
0.890574707031,0.317498243538
0.890818359375,0.317907686928
0.891062011719,0.318296859759
0.891305664063,0.318773950565
0.891549316406,0.319218075137
0.89179296875,0.31959542148
0.892036621094,0.320102044124
0.892280273438,0.320613304957
0.892523925781,0.321109865943
0.892767578125,0.321545121984
0.893011230469,0.321993863872
0.893254882812,0.3223907351
0.893498535156,0.322812764476
0.8937421875,0.323202934859
0.893985839844,0.323759597856
0.894229492188,0.324323372519
0.894473144531,0.324709429986
0.894716796875,0.325139752605
0.894960449219,0.325573724133
0.895204101562,0.326043588576
0.895447753906,0.326474883499
0.89569140625,0.326983277336
0.895935058594,0.327440763598
0.896178710938,0.327973704382
0.896422363281,0.328507851122
0.896666015625,0.328970910466
0.896909667969,0.329409243501
0.897153320312,0.329783362696
0.897396972656,0.330316919571
0.897640625,0.330707407386
0.897884277344,0.33126903898
0.898127929687,0.331728872958
0.898371582031,0.332196356932
0.898615234375,0.332682422228
0.898858886719,0.333133166578
0.899102539063,0.333635861442
0.899346191406,0.334216392588
0.89958984375,0.334706825721
0.899833496094,0.335180565389
0.900077148437,0.335664851644
0.900320800781,0.336068279853
0.900564453125,0.336562244654
0.900808105469,0.337127719553
0.901051757813,0.337602226306
0.901295410156,0.338154596096
0.9015390625,0.338660639065
0.901782714844,0.339179749874
0.902026367187,0.339725455284
0.902270019531,0.3401536026
0.902513671875,0.340583921388
0.902757324219,0.341091187776
0.903000976563,0.341581893551
0.903244628906,0.342208228358
0.90348828125,0.342674496341
0.903731933594,0.343088868833
0.903975585938,0.343602678537
0.904219238281,0.34407210436
0.904462890625,0.344531682058
0.904706542969,0.345032128197
0.904950195312,0.345445438605
0.905193847656,0.345911843249
0.9054375,0.346364768911
0.905681152344,0.346843244353
0.905924804688,0.347445672325
0.906168457031,0.34791256154
0.906412109375,0.348500831432
0.906655761719,0.34911897164
0.906899414062,0.349673318752
0.907143066406,0.350138038793
0.90738671875,0.350681690684
0.907630371094,0.351281156018
0.907874023438,0.351793210975
0.908117675781,0.352365391407
0.908361328125,0.352826692254
0.908604980469,0.353360242053
0.908848632812,0.353999846638
0.909092285156,0.354596902919
0.9093359375,0.355206474597
0.909579589844,0.355626926998
0.909823242187,0.356034558043
0.910066894531,0.3565428331
0.910310546875,0.357210348616
0.910554199219,0.357728243781
0.910797851563,0.358282913782
0.911041503906,0.358805344284
0.91128515625,0.359460885851
0.911528808594,0.359982066014
0.911772460937,0.3605041235
0.912016113281,0.361127350186
0.912259765625,0.361674942564
0.912503417969,0.362101109391
0.912747070313,0.362709843752
0.912990722656,0.363240322441
0.913234375,0.363882142464
0.913478027344,0.364402746609
0.913721679687,0.364940904393
0.913965332031,0.365525917257
0.914208984375,0.366113790519
0.914452636719,0.366765360852
0.914696289063,0.367407862825
0.914939941406,0.36794959485
0.91518359375,0.368515761639
0.915427246094,0.369106071303
0.915670898438,0.369739147355
0.915914550781,0.370247822086
0.916158203125,0.370784730309
0.916401855469,0.371398052034
0.916645507812,0.372009889752
0.916889160156,0.372508081594
0.9171328125,0.373198802114
0.917376464844,0.373838987151
0.917620117188,0.374491172174
0.917863769531,0.37501940896
0.918107421875,0.375480641403
0.918351074219,0.376110786349
0.918594726562,0.376689819953
0.918838378906,0.377333362243
0.91908203125,0.377976596964
0.919325683594,0.378630548512
0.919569335938,0.379267740519
0.919812988281,0.379874190124
0.920056640625,0.380620361826
0.920300292969,0.381192881282
0.920543945312,0.381748449476
0.920787597656,0.382413893895
0.92103125,0.382995370986
0.921274902344,0.383602136132
0.921518554687,0.384319327733
0.921762207031,0.384815093454
0.922005859375,0.385519182247
0.922249511719,0.386123325083
0.922493164063,0.386803842187
0.922736816406,0.38734834359
0.92298046875,0.388009745987
0.923224121094,0.388545699611
0.923467773437,0.389074137312
0.923711425781,0.389739173132
0.923955078125,0.390466420541
0.924198730469,0.391107175598
0.924442382813,0.391698263257
0.924686035156,0.392249936243
0.9249296875,0.392927539095
0.925173339844,0.393696382901
0.925416992187,0.394445327438
0.925660644531,0.395083738539
0.925904296875,0.395665043047
0.926147949219,0.396442309849
0.926391601562,0.397027941001
0.926635253906,0.397691455169
0.92687890625,0.398168809592
0.927122558594,0.398877801689
0.927366210938,0.399452126408
0.927609863281,0.400154964286
0.927853515625,0.400824957357
0.928097167969,0.401500523978
0.928340820312,0.402242695586
0.928584472656,0.403058557596
0.928828125,0.403742014043
0.929071777344,0.404352408229
0.929315429688,0.404998281748
0.929559082031,0.405749648133
0.929802734375,0.406400840975
0.930046386719,0.407195490479
0.930290039062,0.407871217194
0.930533691406,0.408499983858
0.93077734375,0.409226532881
0.931020996094,0.409856822595
0.931264648438,0.410494252993
0.931508300781,0.411138104868
0.931751953125,0.411904018645
0.931995605469,0.412558910131
0.932239257812,0.413379086335
0.932482910156,0.414199249148
0.9327265625,0.415026670184
0.932970214844,0.41575923427
0.933213867187,0.41634113042
0.933457519531,0.41709493032
0.933701171875,0.417806860215
0.933944824219,0.41862600926
0.934188476563,0.419473071251
0.934432128906,0.420243509566
0.93467578125,0.421039671257
0.934919433594,0.421766000847
0.935163085937,0.422395054932
0.935406738281,0.423192826425
0.935650390625,0.424018399877
0.935894042969,0.424644869888
0.936137695313,0.425504474222
0.936381347656,0.426347945482
0.936625,0.427214412411
0.936868652344,0.428023129464
0.937112304687,0.428796989675
0.937355957031,0.429744506947
0.937599609375,0.430556060677
0.937843261719,0.431419536315
0.938086914062,0.432119166074
0.938330566406,0.432863224084
0.93857421875,0.433811222517
0.938817871094,0.434654094957
0.939061523438,0.435352085998
0.939305175781,0.435967812419
0.939548828125,0.436857136823
0.939792480469,0.437527059008
0.940036132812,0.438257700596
0.940279785156,0.439085836956
0.9405234375,0.44020568736
0.940767089844,0.440992974902
0.941010742188,0.441945956713
0.941254394531,0.442654830328
0.941498046875,0.443442929771
0.941741699219,0.44437905586
0.941985351562,0.445283079257
0.942229003906,0.446084890092
0.94247265625,0.446940795833
0.942716308594,0.447801660383
0.942959960938,0.448614892535
0.943203613281,0.449552066268
0.943447265625,0.450400301951
0.943690917969,0.451210807832
0.943934570313,0.452069451222
0.944178222656,0.452905252195
0.944421875,0.453829572592
0.944665527344,0.454639052248
0.944909179687,0.455648208702
0.945152832031,0.456795161934
0.945396484375,0.457535714256
0.945640136719,0.458540636866
0.945883789063,0.459399724039
0.946127441406,0.460421539123
0.94637109375,0.461476958719
0.946614746094,0.462350304873
0.946858398437,0.463176119488
0.947102050781,0.464085360598
0.947345703125,0.465079750629
0.947589355469,0.466125706478
0.947833007813,0.46693691208
0.948076660156,0.467868173196
0.9483203125,0.468791409237
0.948563964844,0.4696203176
0.948807617187,0.470552048637
0.949051269531,0.471612615901
0.949294921875,0.472526806453
0.949538574219,0.47362402629
0.949782226562,0.474457982796
0.950025878906,0.475598915261
0.95026953125,0.476616448255
0.950513183594,0.477591512391
0.950756835938,0.478460428763
0.951000488281,0.479488363203
0.951244140625,0.480468062802
0.951487792969,0.481589627829
0.951731445312,0.482403800853
0.951975097656,0.483335501481
0.95221875,0.484221144766
0.952462402344,0.485410810863
0.952706054688,0.486607233071
0.952949707031,0.487643705864
0.953193359375,0.488723078172
0.953437011719,0.489733872877
0.953680664062,0.490831823997
0.953924316406,0.491883029423
0.95416796875,0.493004372227
0.954411621094,0.494260484055
0.954655273438,0.495177761814
0.954898925781,0.496157589624
0.955142578125,0.497550747266
0.955386230469,0.498602114895
0.955629882813,0.499832313314
0.955873535156,0.501052145795
0.9561171875,0.502205965875
0.956360839844,0.503273428611
0.956604492187,0.504649364863
0.956848144531,0.505981944281
0.957091796875,0.507229459614
0.957335449219,0.50844754858
0.957579101563,0.509583043953
0.957822753906,0.510607093451
0.95806640625,0.512021482104
0.958310058594,0.513188516976
0.958553710937,0.514269593117
0.958797363281,0.51553946661
0.959041015625,0.5164844853
0.959284667969,0.517877603581
0.959528320313,0.519304576448
0.959771972656,0.520258805786
0.960015625,0.521512465284
0.960259277344,0.522691048751
0.960502929687,0.523914247212
0.960746582031,0.524921123733
0.960990234375,0.526104634511
0.961233886719,0.527241913648
0.961477539062,0.528490400697
0.961721191406,0.529764213405
0.96196484375,0.531125787687
0.962208496094,0.532472244114
0.962452148438,0.533650197955
0.962695800781,0.534787437542
0.962939453125,0.536228874334
0.963183105469,0.537613613258
0.963426757812,0.538868464208
0.963670410156,0.540176219995
0.9639140625,0.541517898502
0.964157714844,0.542954625936
0.964401367188,0.544239972124
0.964645019531,0.54544652773
0.964888671875,0.546645688289
0.965132324219,0.548204148586
0.965375976562,0.549560389371
0.965619628906,0.550998005118
0.96586328125,0.552304831057
0.966106933594,0.553584133803
0.966350585938,0.554936352575
0.966594238281,0.55641671867
0.966837890625,0.557861456917
0.967081542969,0.559418373237
0.967325195313,0.561261864215
0.967568847656,0.562705674818
0.9678125,0.564521491139
0.968056152344,0.56632294899
0.968299804687,0.567906575995
0.968543457031,0.569576055839
0.968787109375,0.571475104143
0.969030761719,0.57353466688
0.969274414063,0.575204177659
0.969518066406,0.577338569639
0.96976171875,0.579013142728
0.970005371094,0.58087989959
0.970249023437,0.582695376817
0.970492675781,0.584715662521
0.970736328125,0.58647454468
0.970979980469,0.588856597214
0.971223632813,0.590769397857
0.971467285156,0.593030092489
0.9717109375,0.594784133998
0.971954589844,0.596868268745
0.972198242187,0.598635786238
0.972441894531,0.60082694211
0.972685546875,0.602921439813
0.972929199219,0.605327629131
0.973172851562,0.607415720546
0.973416503906,0.609355322115
0.97366015625,0.611598720291
0.973903808594,0.613787467722
0.974147460938,0.616187526151
0.974391113281,0.618892520238
0.974634765625,0.620728167081
0.974878417969,0.62268282565
0.975122070312,0.625235703374
0.975365722656,0.627244053604
0.975609375,0.630014074344
0.975853027344,0.632714238229
0.976096679688,0.635179497241
0.976340332031,0.637179978403
0.976583984375,0.639279074153
0.976827636719,0.642202632588
0.977071289062,0.644658060097
0.977314941406,0.647099451194
0.97755859375,0.649931348837
0.977802246094,0.652353536642
0.978045898438,0.654954496568
0.978289550781,0.657693890358
0.978533203125,0.660546072354
0.978776855469,0.663862414883
0.979020507813,0.666335027988
0.979264160156,0.669143877361
0.9795078125,0.671687697339
0.979751464844,0.674646223567
0.979995117187,0.67758968419
0.980238769531,0.68063484227
0.980482421875,0.683901559561
0.980726074219,0.686757809788
0.980969726563,0.689798681314
0.981213378906,0.692693226345
0.98145703125,0.696069795267
0.981700683594,0.699044069111
0.981944335937,0.701808077343
0.982187988281,0.704865984816
0.982431640625,0.708757594848
0.982675292969,0.712077183708
0.982918945313,0.715628544574
0.983162597656,0.719458459897
0.98340625,0.72248982784
0.983649902344,0.725813850891
0.983893554687,0.729731418383
0.984137207031,0.733177904175
0.984380859375,0.737077729487
0.984624511719,0.741577059265
0.984868164062,0.746010208519
0.985111816406,0.749980708033
0.98535546875,0.753642628765
0.985599121094,0.75815649266
0.985842773438,0.762461393013
0.986086425781,0.76571691404
0.986330078125,0.770256416065
0.986573730469,0.774963553304
0.986817382812,0.778769853194
0.987061035156,0.783334427463
0.9873046875,0.787235214216
0.987548339844,0.790897653768
0.987791992188,0.795119377896
0.988035644531,0.799108113083
0.988279296875,0.80441723125
0.988522949219,0.808608727446
0.988766601562,0.813060173116
0.989010253906,0.817239551624
0.98925390625,0.821958018671
0.989497558594,0.826017139057
0.989741210938,0.830712805692
0.989984863281,0.835044476471
0.990228515625,0.840134157166
0.990472167969,0.845998493925
0.990715820313,0.852240319078
0.990959472656,0.858164232934
0.991203125,0.864038964223
0.991446777344,0.870411406571
0.991690429687,0.875858952712
0.991934082031,0.880947963741
0.992177734375,0.886716144418
0.992421386719,0.892640507402
0.992665039063,0.900000378394
0.992908691406,0.907293582879
0.99315234375,0.91467529513
0.993395996094,0.92061794896
0.993639648437,0.927679462295
0.993883300781,0.936301836162
0.994126953125,0.944640303043
0.994370605469,0.952533333303
0.994614257813,0.961299641547
0.994857910156,0.971011799703
0.9951015625,0.981309862344
0.995345214844,0.991589670929
0.995588867187,1.0020387588
0.995832519531,1.01550967523
0.996076171875,1.028051062
0.996319824219,1.04219242015
0.996563476562,1.05814324122
0.996807128906,1.07444445616
0.99705078125,1.09462867913
0.997294433594,1.11579979262
0.997538085938,1.14072907903
0.997781738281,1.16059805987
0.998025390625,1.18141026683
0.998269042969,1.21892021227
0.998512695312,1.24900632935
0.998756347656,1.28555664639
0.999,1.34661177429
0.999003333333,1.34667244025
0.999006666667,1.34740047468
0.99901,1.3477724993
0.999013333333,1.35018794377
0.999016666667,1.35172271762
0.99902,1.35234333125
0.999023333333,1.35275398638
0.999026666667,1.35292300246
0.99903,1.35321917049
0.999033333333,1.35361584084
0.999036666667,1.35400690358
0.99904,1.35598315999
0.999043333333,1.3581941908
0.999046666667,1.35858006173
0.99905,1.35872181773
0.999053333333,1.36104845816
0.999056666667,1.36307799625
0.99906,1.36383139706
0.999063333333,1.36478548549
0.999066666667,1.36549425158
0.99907,1.36599358316
0.999073333333,1.36669737931
0.999076666667,1.36733862419
0.99908,1.36871100025
0.999083333333,1.37022571631
0.999086666667,1.37225390746
0.99909,1.37430193619
0.999093333333,1.37490043201
0.999096666667,1.37706936114
0.9991,1.37774539275
0.999103333333,1.37786430626
0.999106666667,1.37796884482
0.99911,1.3802722976
0.999113333333,1.38088722404
0.999116666667,1.38109981913
0.99912,1.3815417633
0.999123333333,1.38175966932
0.999126666667,1.38183286577
0.99913,1.38450067362
0.999133333333,1.38695674804
0.999136666667,1.38794271066
0.99914,1.38802317076
0.999143333333,1.39033850232
0.999146666667,1.39130107007
0.99915,1.39343215154
0.999153333333,1.39344513481
0.999156666667,1.39672315236
0.99916,1.39681935359
0.999163333333,1.39719757619
0.999166666667,1.397331225
0.99917,1.39734446894
0.999173333333,1.39782356157
0.999176666667,1.39850273704
0.99918,1.39901076777
0.999183333333,1.40347203655
0.999186666667,1.40439073495
0.99919,1.40446034946
0.999193333333,1.40489181286
0.999196666667,1.4053692258
0.9992,1.40711661634
0.999203333333,1.40788724991
0.999206666667,1.40891764624
0.99921,1.40923717123
0.999213333333,1.40972808668
0.999216666667,1.41392257371
0.99922,1.41602294418
0.999223333333,1.41837726487
0.999226666667,1.41963789453
0.99923,1.42079510911
0.999233333333,1.42260688736
0.999236666667,1.42483526885
0.99924,1.4264516783
0.999243333333,1.42931660335
0.999246666667,1.43053798316
0.99925,1.43070602089
0.999253333333,1.43187588808
0.999256666667,1.43191743977
0.99926,1.43212475864
0.999263333333,1.43242652064
0.999266666667,1.43342728601
0.99927,1.43868362352
0.999273333333,1.43875496005
0.999276666667,1.4387985175
0.99928,1.43916813283
0.999283333333,1.43925408082
0.999286666667,1.44026379176
0.99929,1.44117514184
0.999293333333,1.44444190196
0.999296666667,1.44571739799
0.9993,1.44578326057
0.999303333333,1.45696592367
0.999306666667,1.45972621747
0.99931,1.46112107364
0.999313333333,1.4617455597
0.999316666667,1.46261268606
0.99932,1.4635115627
0.999323333333,1.46355247392
0.999326666667,1.46541520245
0.99933,1.46905572611
0.999333333333,1.4701395391
0.999336666667,1.47132271145
0.99934,1.47180333456
0.999343333333,1.47279828783
0.999346666667,1.47535776187
0.99935,1.47799909872
0.999353333333,1.47952443719
0.999356666667,1.48081169192
0.99936,1.48782294975
0.999363333333,1.48813660206
0.999366666667,1.4908765006
0.99937,1.49234546808
0.999373333333,1.49677063167
0.999376666667,1.49703847693
0.99938,1.49849114287
0.999383333333,1.49993061958
0.999386666667,1.50035675153
0.99939,1.50170037312
0.999393333333,1.50605885982
0.999396666667,1.51000521181
0.9994,1.51011943875
0.999403333333,1.51013746667
0.999406666667,1.51193734718
0.99941,1.5140862613
0.999413333333,1.51416716217
0.999416666667,1.51633159154
0.99942,1.51991579108
0.999423333333,1.52128040284
0.999426666667,1.52383585987
0.99943,1.52452800625
0.999433333333,1.5290482747
0.999436666667,1.53009986972
0.99944,1.53044054828
0.999443333333,1.53320555516
0.999446666667,1.53638285946
0.99945,1.53716231911
0.999453333333,1.53930172824
0.999456666667,1.54285387122
0.99946,1.54412850446
0.999463333333,1.54506411038
0.999466666667,1.54866295699
0.99947,1.55079474413
0.999473333333,1.55785881279
0.999476666667,1.5643495105
0.99948,1.56546598947
0.999483333333,1.57526212846
0.999486666667,1.5753765102
0.99949,1.58325469814
0.999493333333,1.58441998101
0.999496666667,1.5983344304
0.9995,1.60273568143
0.999503333333,1.60389845428
0.999506666667,1.6048851915
0.99951,1.60621441116
0.999513333333,1.60741743572
0.999516666667,1.60757885179
0.99952,1.60764889105
0.999523333333,1.62274298246
0.999526666667,1.62473372189
0.99953,1.63636578686
0.999533333333,1.64016646475
0.999536666667,1.64154449416
0.99954,1.64184077934
0.999543333333,1.64337969795
0.999546666667,1.64490803055
0.99955,1.64639428668
0.999553333333,1.64964979244
0.999556666667,1.65158488761
0.99956,1.65592208699
0.999563333333,1.65774391763
0.999566666667,1.66131796382
0.99957,1.66584826289
0.999573333333,1.66671492797
0.999576666667,1.6819415009
0.99958,1.68219720002
0.999583333333,1.68361022777
0.999586666667,1.68844173763
0.99959,1.6912638378
0.999593333333,1.69565787826
0.999596666667,1.69694075155
0.9996,1.7018141143
0.999603333333,1.7052251761
0.999606666667,1.70944949124
0.99961,1.71079092044
0.999613333333,1.71653744545
0.999616666667,1.71750436319
0.99962,1.71752030835
0.999623333333,1.71795648842
0.999626666667,1.72020187891
0.99963,1.72389475678
0.999633333333,1.7259420643
0.999636666667,1.73332291537
0.99964,1.73446615458
0.999643333333,1.73569033536
0.999646666667,1.74013426503
0.99965,1.74179591146
0.999653333333,1.74879281028
0.999656666667,1.77016129249
0.99966,1.77039209611
0.999663333333,1.77949566472
0.999666666667,1.7808356356
0.99967,1.7883128841
0.999673333333,1.79293865112
0.999676666667,1.79340175424
0.99968,1.79541105462
0.999683333333,1.8223605993
0.999686666667,1.82797927079
0.99969,1.84753200226
0.999693333333,1.85272589835
0.999696666667,1.86543738437
0.9997,1.87659178784
0.999703333333,1.87839271003
0.999706666667,1.90762924908
0.99971,1.9279540075
0.999713333333,1.93167527703
0.999716666667,1.93837941353
0.99972,1.96932831491
0.999723333333,1.97772137929
0.999726666667,1.97896416394
0.99973,1.98361334138
0.999733333333,1.98421687434
0.999736666667,1.98682580593
0.99974,1.98866666971
0.999743333333,1.99426721884
0.999746666667,2.01070493239
0.99975,2.03003207224
0.999753333333,2.04231935028
0.999756666667,2.04793955482
0.99976,2.05902485258
0.999763333333,2.06591054757
0.999766666667,2.07275858158
0.99977,2.11060063552
0.999773333333,2.11600314289
0.999776666667,2.11978605169
0.99978,2.12929300862
0.999783333333,2.14101828332
0.999786666667,2.14265526488
0.99979,2.14289581946
0.999793333333,2.15938080196
0.999796666667,2.16516923651
0.9998,2.20566899045
0.999803333333,2.20847784865
0.999806666667,2.20873007255
0.99981,2.23404703602
0.999813333333,2.27708624782
0.999816666667,2.28071724236
0.99982,2.32527956242
0.999823333333,2.33507242062
0.999826666667,2.35443382097
0.99983,2.37071275535
0.999833333333,2.41149427453
0.999836666667,2.41550157476
0.99984,2.43782525143
0.999843333333,2.46104688665
0.999846666667,2.47468350797
0.99985,2.47823030765
0.999853333333,2.48862012017
0.999856666667,2.5364410384
0.99986,2.61917597918
0.999863333333,2.64632035663
0.999866666667,2.65337659321
0.99987,2.69237622595
0.999873333333,2.70895853492
0.999876666667,2.79776373003
0.99988,2.85394739913
0.999883333333,2.86381991529
0.999886666667,2.8640189093
0.99989,2.92371712935
0.999893333333,2.93334764146
0.999896666667,3.06591966123
0.9999,3.1621717207
0.999903333333,3.17437841302
0.999906666667,3.18383498609
0.99991,3.31761670557
0.999913333333,3.48100108549
0.999916666667,3.52566887394
0.99992,3.57215379664
0.999923333333,3.59104097468
0.999926666667,3.61941335447
0.99993,3.74404870387
0.999933333333,3.82399987663
0.999936666667,3.87786416208
0.99994,3.94357700435
0.999943333333,3.9436711375
0.999946666667,4.32549661453
0.99995,4.49104030772
0.999953333333,4.73722284171
0.999956666667,5.60165494259
0.99996,5.76186303863
0.999963333333,5.79854519085
0.999966666667,5.89921922099
0.99997,6.44585951044
0.999973333333,7.3961919183
0.999976666667,7.88062140583
0.99998,8.1551521029
0.999983333333,8.21029658747
0.999986666667,8.24554781552
0.99999,8.5317136598
0.999993333333,9.0976870432
0.999996666667,9.10417042838
1,10.2826845
